Leukemia, Prolymphocytic, B-Cell
Pelvic Inflammatory Disease
Craniocerebral Trauma
Suicide, Completed
Acneiform Eruptions
Viremia
Hereditary Angioedema Types I and II
Pachyonychia Congenita
Overbite
Affective Symptoms
Head and Neck Neoplasms
Drug Eruptions
Cerebellar Diseases
Enteritis
Dwarfism, Pituitary
Hydropneumothorax
Leukoencephalopathies
Heart Arrest
Retroviridae Infections
Pneumonia, Mycoplasma
Epilepsy, Reflex
Spinocerebellar Degenerations
Polydipsia, Psychogenic
Neoplasms by Site
Uterine Cervical Neoplasms
Cholesterol Ester Storage Disease
Noonan Syndrome
Twins, Conjoined
Influenza in Birds
Foot Deformities
Shock, Traumatic
Avulavirus Infections
Osteopetrosis
Sarcoma, Myeloid
Syndrome
Amnesia, Retrograde
Muscle Weakness
Pityriasis Rosea
Mastitis
Hepatitis A
Feeding and Eating Disorders
Dysautonomia, Familial
Rheumatic Diseases
Breech Presentation
Bartonella Infections
Bites and Stings
Sciatic Neuropathy
Cerebral Amyloid Angiopathy
Lafora Disease
Hyperkalemia
Sensation Disorders
Infant Death
Synovitis
Hematoma, Epidural, Cranial
Intracranial Hypotension
Ectodermal Dysplasia
Lightning Injuries
Shoulder Injuries
Hyperopia
Leukemia, Plasma Cell
Hantavirus Infections
Helminthiasis, Animal
Hereditary Complement Deficiency Diseases
Anterior Compartment Syndrome
Post-Dural Puncture Headache
Lymphoma, Large-Cell, Anaplastic
Carotid Artery Thrombosis
Papilloma
Ulna Fractures
Telangiectasis
Abortion, Missed
Glucagonoma
Hypertrophy, Right Ventricular
Usher Syndromes
Mitochondrial Encephalomyopathies
Retinal Vasculitis
Hypotrichosis
Heartburn
Vaginal Neoplasms
Goiter
Diffuse Axonal Injury
Fractures, Bone
Space Motion Sickness
Granuloma, Plasma Cell
Surgical Wound
Muscle Rigidity
Equinus Deformity
Adenophorea Infections
Proteus Syndrome
Laron Syndrome
Periodontal Abscess
Granuloma, Respiratory Tract
Dyssomnias
Vulvitis
Hot Flashes
Immune Reconstitution Inflammatory Syndrome
Tic Disorders
Neoplasms, Unknown Primary
Hypothalamic Neoplasms
Hypereosinophilic Syndrome
Mucopolysaccharidosis III
Albinism
Wiskott-Aldrich Syndrome
Leukemia, Monocytic, Acute
Vasoplegia
Lip Diseases
Acquired Hyperostosis Syndrome
Erythroblastosis, Fetal
Retinal Neoplasms
Nevus
Hypoglossal Nerve Diseases
Phimosis
Pupil Disorders
Lingual Nerve Injuries
Pulmonary Atelectasis
Diabetes Mellitus, Type 1
Pregnancy Complications, Cardiovascular
Hepatitis E
Ascites
Sarcoma, Clear Cell
Angioid Streaks
Pulmonary Heart Disease
Facial Injuries
Chickenpox
Niemann-Pick Disease, Type A
Hyperkinesis
Mitochondrial Diseases
Pemphigus, Benign Familial
Laryngostenosis
Sickle Cell Trait
Herpes Zoster Ophthalmicus
Gangliosidoses
Endocarditis, Bacterial
Meningeal Carcinomatosis
Jaw Abnormalities
Parvoviridae Infections
alpha-Mannosidosis
Choroid Diseases
Scrub Typhus
Serotonin Syndrome
Protoporphyria, Erythropoietic
Diastasis, Muscle
AIDS-Related Opportunistic Infections
Eye Neoplasms
Dermatitis, Irritant
Hand Deformities, Congenital
Mucoepidermoid Tumor
Colitis, Ulcerative
Deafness
Positive-Pressure Respiration, Intrinsic
Steatorrhea
Uremia
Visceral Pain
Intestinal Atresia
Mydriasis
Vulvar Neoplasms
Polyuria
Cyanosis
Blood Loss, Surgical
Aggression
Salpingitis
Disease Resistance
TDP-43 Proteinopathies
Hypervitaminosis A
Glossopharyngeal Nerve Diseases
Fetomaternal Transfusion
Sneezing
Focal Nodular Hyperplasia
alpha-Thalassemia
Thrombophilia
Mandibular Injuries
Spinal Cord Ischemia
Tinea Versicolor
Drug Resistant Epilepsy
Exanthema
Vaccine-Preventable Diseases
Hypokinesia
Ovarian Cysts
Aphasia, Primary Progressive
Trichomonas Infections
Lymphoma, B-Cell, Marginal Zone
Motion Sickness
Meconium Aspiration Syndrome
Apraxias
Abscess
Smoldering Multiple Myeloma
Glycogen Storage Disease Type IIb
Fibromatosis, Plantar
Bile Duct Neoplasms
Fractures, Open
Morning Sickness
Oral Ulcer
Myoclonus
Pyoderma Gangrenosum
Colic
Tumor Lysis Syndrome
Sjogren's Syndrome
Hyperlipoproteinemias
Fractures, Stress
Anthracosis
Submandibular Gland Neoplasms
Pseudohypoaldosteronism
Dextrocardia
Aortic Stenosis, Supravalvular
Fibrocystic Breast Disease
Sick Sinus Syndrome
Lactose Intolerance
Nevus, Pigmented
Biliary Tract Diseases
beta-Mannosidosis
Postoperative Nausea and Vomiting
Heredodegenerative Disorders, Nervous System
Fractures, Malunited
Cholecystitis, Acute
Intestinal Obstruction
Pulmonary Alveolar Proteinosis
Fasciitis, Necrotizing
Foot-and-Mouth Disease
Melanoma
Confusion
Heat Stress Disorders
Orchitis
Anus Neoplasms
Mycobacterium Infections, Nontuberculous
Bile Reflux
Hypothermia
Shock, Surgical
Mediastinal Neoplasms
Isolated Noncompaction of the Ventricular Myocardium
Ichthyosis, Lamellar
Platelet Storage Pool Deficiency
Immunoglobulin G4-Related Disease
Shock, Cardiogenic
Eye Manifestations
Aortopulmonary Septal Defect
Enterobacteriaceae Infections
Ichthyosis Vulgaris
Epidermal Cyst
Soft Tissue Neoplasms
Keratoderma, Palmoplantar
Urinary Bladder Calculi
Dementia
Laurence-Moon Syndrome
Mastocytosis
Kartagener Syndrome
Glycogen Storage Disease Type VIII
Taeniasis
Mesonephroma
Hypogonadism
Familial Primary Pulmonary Hypertension
Cleft Palate
Intracranial Aneurysm
Depression, Postpartum
Ectropion
Cystadenoma
Psychophysiologic Disorders
Moraxellaceae Infections
Balkan Nephropathy
Intestinal Diseases, Parasitic
Hyperphosphatemia
Multiple Chronic Conditions
Liver Diseases
Multiple Organ Failure
Small Cell Lung Carcinoma
Burns, Electric
Achondroplasia
Post-Cardiac Arrest Syndrome
Carcinoma, Large Cell
Mite Infestations
Vascular Fistula
Campylobacter Infections
Ulnar Neuropathies
Vulvar Vestibulitis
Ovarian Torsion
Tracheal Diseases
Diabetes Mellitus, Lipoatrophic
Lysosomal Storage Diseases, Nervous System
Chronic Kidney Disease-Mineral and Bone Disorder
Pregnancy, Tubal
Maxillary Diseases
Lymphangioleiomyomatosis
Pulmonary Veno-Occlusive Disease
Barotrauma
Rib Fractures
Ear Deformities, Acquired
Borderline Personality Disorder
Transient Tachypnea of the Newborn
Parasitemia
Carcinoid Heart Disease
Neuroectodermal Tumors, Primitive, Peripheral
Leishmaniasis, Visceral
HIV Enteropathy
Neoplasms, Connective and Soft Tissue
Diabetes Insipidus, Nephrogenic
Migraine without Aura
Neuroectodermal Tumors
Anti-Neutrophil Cytoplasmic Antibody-Associated Vasculitis
Accessory Atrioventricular Bundle
Calciphylaxis
Herpes Labialis
Leukemia, Lymphocytic, Chronic, B-Cell
HTLV-II Infections
Phyllodes Tumor
Arrhythmias, Cardiac
Coproporphyria, Hereditary
Rectal Neoplasms
Pyelectasis
Mental Fatigue
Leukemia, Myeloid, Accelerated Phase
Sarcoma, Alveolar Soft Part
Alcohol Abstinence
Brain Stem Neoplasms
Gastric Antral Vascular Ectasia
Germinoma
Dental Pulp Exposure
Pharyngitis
Paraneoplastic Endocrine Syndromes
Cerebral Amyloid Angiopathy, Familial
Glaucoma, Angle-Closure
Whooping Cough
Pallister-Hall Syndrome
Scurvy
Hematocele
Ocular Hypertension
Atrioventricular Block
Penile Diseases
Spinal Diseases
Latex Hypersensitivity
Nasopharyngeal Neoplasms
Blindness
Leukemia, Radiation-Induced
Discitis
MELAS Syndrome
Heart Diseases
Spinal Dysraphism
Bunyaviridae Infections
Metabolic Diseases
Reflex, Abnormal
Hypokalemic Periodic Paralysis
Seizures
Infratentorial Neoplasms
Gambling
Hypesthesia
Glycosuria
Systemic Vasculitis
Univentricular Heart
Pouchitis
Erdheim-Chester Disease
Neurocognitive Disorders
Cerebellar Ataxia
Mitral Valve Insufficiency
Tuberculosis, Meningeal
Femur Head Necrosis
Otitis Media
Stenosis, Pulmonary Vein
Bronchial Spasm
Arenaviridae Infections
White Coat Hypertension
Blood-Borne Infections
Hearing Loss, Functional
Vertebrobasilar Insufficiency
Knee Injuries
Fusariosis
Injection Site Reaction
Chondromalacia Patellae
Persistent Vegetative State
Angioedema
Jet Lag Syndrome
Low Tension Glaucoma
Cryptosporidiosis
Wandering Behavior
Fanconi Syndrome
Atherosclerosis
WAGR Syndrome
Avoidant Restrictive Food Intake Disorder
Gastroparesis
Sclerosis
Hereditary Sensory and Autonomic Neuropathies
Undiagnosed Diseases
Scleredema Adultorum
Eye Infections, Fungal
Polycystic Kidney Diseases
Atrial Remodeling
Specific Learning Disorder
Oral Submucous Fibrosis
Neurogenic Bowel
Toothache
Graves Disease
Retinal Artery Occlusion
Renal Nutcracker Syndrome
Communicable Diseases
Rhinitis, Vasomotor
Scleroderma, Systemic
Leukocyte-Adhesion Deficiency Syndrome
Osteoporosis
Opioid-Related Disorders
Dyspnea
Plasmacytoma
Mycetoma
Acute-Phase Reaction
Microaneurysm
Prion Diseases
Rotavirus Infections
Hematologic Neoplasms
Adenoma, Islet Cell
Thyroid Cancer, Papillary
Cogan Syndrome
Budd-Chiari Syndrome
Musculoskeletal Pain
Behcet Syndrome
Rhabdomyoma
Candidiasis, Chronic Mucocutaneous
Aging, Premature
Placental Insufficiency
Cholecystitis
Teratoma
Genital Neoplasms, Female
Hemangioblastoma
Rubella Syndrome, Congenital
Paraneoplastic Syndromes
Hyperlipoproteinemia Type I
Glomerulonephritis, IGA
Paraparesis, Spastic
Glossitis
Splenic Rupture
Narcolepsy
Leukemia, Neutrophilic, Chronic
Brain Abscess
Anomalous Left Coronary Artery
Bronchial Diseases
Hammer Toe Syndrome
Hereditary Sensory and Motor Neuropathy
Pulmonary Embolism
Stomatitis, Denture
Cholelithiasis
Postural Orthostatic Tachycardia Syndrome
Tuberculosis, Central Nervous System
Hemifacial Spasm
Hematoma, Subdural, Intracranial
Tachypnea
Vocal Cord Paralysis
Carcinoma, Hepatocellular
Adenoma
Olfactory Nerve Injuries
Facial Paralysis
Oligomenorrhea
Bacteremia
Sexual Trauma
Flatulence
Sepsis-Associated Encephalopathy
Emphysema
Adrenal Gland Neoplasms
Glycogen Storage Disease Type VI
Submandibular Gland Diseases
Leukemia, Myeloid, Chronic-Phase
Hypoalbuminemia
Hemoglobin SC Disease
Cheyne-Stokes Respiration
Fetofetal Transfusion
Hyperhidrosis
Eclampsia
Tick-Borne Diseases
Retinal Detachment
Tennis Elbow
Adenocarcinoma, Sebaceous
Optic Atrophy
Sinusitis
Postpartum Thyroiditis
Palatal Neoplasms
Otorhinolaryngologic Neoplasms
Neurilemmoma
Causalgia
Urogenital Abnormalities
Hirschsprung Disease
Gingival Neoplasms
Restless Legs Syndrome
Mesothelioma
Granuloma, Giant Cell
Paraganglioma, Extra-Adrenal
Infectious Encephalitis
Muscle Cramp
Gingival Hyperplasia
Ganglioneuroblastoma
Bardet-Biedl Syndrome
Body-Weight Trajectory
Spinal Fractures
Hereditary Breast and Ovarian Cancer Syndrome
Gingival Overgrowth
Appendiceal Neoplasms
Tooth, Supernumerary
Growth Hormone-Secreting Pituitary Adenoma
Migraine with Aura
Leukemia, Myelomonocytic, Chronic
Paramyxoviridae Infections
Fabry Disease
Paraparesis, Tropical Spastic
Lithiasis
Leukemia
Cancer Pain
Neoplasm Seeding
Colitis, Microscopic
Spinocerebellar Ataxias
Malaria, Falciparum
Hypertension, Pregnancy-Induced
Abdominal Abscess
Postpericardiotomy Syndrome
Acanthamoeba Keratitis
Corynebacterium Infections
Pathological Conditions, Anatomical
Osteoporosis, Postmenopausal
Periventricular Nodular Heterotopia
Signs and Symptoms, Respiratory
Lymphadenitis
Electric Injuries
Mycoplasma Infections
Arthropathy, Neurogenic
Achlorhydria
Sigmoid Neoplasms
Anemia, Hemolytic, Congenital
Eosinophilic Esophagitis
Herpes Zoster
Marijuana Use
Congenitally Corrected Transposition of the Great Arteries
Dysphonia
Beckwith-Wiedemann Syndrome
Jaundice
Liver Cirrhosis, Alcoholic
Myopericytoma
Placenta Previa
Leukemia, B-Cell
Gastroenteritis
Latent Autoimmune Diabetes in Adults
Accessory Nerve Diseases
Bronchiectasis
Leukemia, Myeloid, Chronic, Atypical, BCR-ABL Negative
Poliomyelitis
Smith-Lemli-Opitz Syndrome
Whiplash Injuries
Postoperative Hemorrhage
Parkinson Disease
Epiretinal Membrane
Pruritus Vulvae
Encephalitis
Mental Disorders
Sleep Apnea Syndromes
Glomus Tumor
Uterine Cervical Diseases
Factor XII Deficiency
Skin Neoplasms
Barth Syndrome
Spasm
Posterior Tibial Tendon Dysfunction
Rhabdomyosarcoma, Alveolar
Hypochondriasis
Urinary Bladder Diseases
Meningitis, Aseptic
Hypertensive Encephalopathy
Delayed Emergence from Anesthesia
Tietze's Syndrome
Pregnancy Complications, Hematologic
Mandibular Fractures
Protein-Losing Enteropathies
Sigmoid Diseases
Alkalosis
Rumination Syndrome
Encephalomyelitis, Eastern Equine
Fractures, Comminuted
May-Thurner Syndrome
Leg Ulcer
Gout
Acromegaly
Brucellosis
Crigler-Najjar Syndrome
Prolapse
Hematologic Diseases
Gastric Dilatation
HIV-Associated Lipodystrophy Syndrome
Post-Traumatic Headache
Osteoarthritis, Hip
Fetal Growth Retardation
Glioblastoma
Pneumocephalus
Callosities
Malformations of Cortical Development, Group II
Nasopharyngeal Carcinoma
Latent Tuberculosis
Netherton Syndrome
Diverticulum, Colon
Asthma, Aspirin-Induced
Arthritis, Juvenile
Fibromuscular Dysplasia
Cranial Nerve Injuries
Behavior, Addictive
Neoplastic Cells, Circulating
Dyscalculia
Kaposi Varicelliform Eruption
Neuroaspergillosis
Heat Stroke
Respiratory Tract Neoplasms
Friedreich Ataxia
Pilonidal Sinus
Focal Infection, Dental
Radiodermatitis
Diastasis, Bone
Graft vs Host Disease
Leukemia, Promyelocytic, Acute
Spinal Neoplasms
Nocturnal Enuresis
Hemimegalencephaly
Smooth Muscle Tumor
Neuromuscular Diseases
Cheilitis
Pancreatic Diseases
Fat Necrosis
Fever
Horner Syndrome
Nocturnal Myoclonus Syndrome
Neuroectodermal Tumors, Primitive
Hydrothorax
Carcinoma, Skin Appendage
Stress Disorders, Traumatic
Epidermolysis Bullosa, Junctional
Hordeolum
Lymphoma, Extranodal NK-T-Cell
Mineralocorticoid Excess Syndrome, Apparent
Polyneuropathies
Precursor B-Cell Lymphoblastic Leukemia-Lymphoma
Hepatomegaly
Anterior Wall Myocardial Infarction
Vision, Low
Enterocolitis, Necrotizing
Glomerulosclerosis, Focal Segmental
Osteosarcoma
Poisoning
Nidovirales Infections
Alkaptonuria
Ischemia
Schistosomiasis japonica
Nephrosis
Essential Tremor
Neoplasm Metastasis
Hydranencephaly
Lymphoma, Follicular
Dental Pulp Diseases
Musculoskeletal Diseases
Ascaridida Infections
Foreign-Body Reaction
Vasculitis, Leukocytoclastic, Cutaneous
Leukemia, Myelogenous, Chronic, BCR-ABL Positive
Blepharitis
Hip Contracture
Pleural Effusion, Malignant
Back Injuries
Phosphorus Metabolism Disorders
Chondrosarcoma, Mesenchymal
Brain Injuries, Diffuse
Aphakia
Pituitary Diseases
Mastocytoma
Syringomyelia
Pleurisy
Wounds, Penetrating
Warts
Abdominal Neoplasms
Acute Pain
Hernia, Diaphragmatic
Iliotibial Band Syndrome
Meningocele
Osteosarcoma, Juxtacortical
Choroid Neoplasms
Polyhydramnios
Periodontal Pocket
Liver Diseases, Parasitic
Primary Graft Dysfunction
Keloid
Pneumococcal Infections
Suicide, Assisted
Hydrops Fetalis
Retinitis Pigmentosa
Rickets
Ellis-Van Creveld Syndrome
Pyloric Stenosis
Intestinal Polyps
Tooth Demineralization
Hyperemesis Gravidarum
Hemophilia A
Amblyopia
Hysteria
Porphyrias, Hepatic
Ototoxicity
Hemorrhagic Disorders
Sotos Syndrome
Maternal Death
Respiratory Aspiration of Gastric Contents
Bronchiolitis
Hypertension, Renal
Thyroid Nodule
Peri-Implantitis
Fibrous Dysplasia, Polyostotic
Articulation Disorders
Gynatresia
Digestive System Diseases
Wolfram Syndrome
Neoplasms, Multiple Primary
Cadaver
Nerve Degeneration
Malaria
Sarcoma, Endometrial Stromal
Cytokine Release Syndrome
Afibrinogenemia
Dystonia Musculorum Deformans
Mansonelliasis
Klatskin Tumor
Osteochondroma
Cholesteatoma, Middle Ear
Relative Energy Deficiency in Sport
Encephalomyelitis, Acute Disseminated
Dermatitis, Phototoxic
Leukemia, Erythroblastic, Acute
Schistosomiasis mansoni
Stress, Psychological
Gangliosidoses, GM2
Leydig Cell Tumor
Adrenal Hyperplasia, Congenital
Postpartum Hemorrhage
Somatoform Disorders
Ectoparasitic Infestations
Cholangitis, Sclerosing
Joint Diseases
Cone-Rod Dystrophies
Gingival Pocket
Hashimoto Disease
Sleep Deprivation
Embryo Loss
Laryngeal Edema
Problem Behavior
IgA Deficiency
Tooth Attrition
Kallmann Syndrome
Hyperventilation
Adnexal Diseases
Gait Apraxia
Collagen Diseases
Marfan Syndrome
Endometriosis
Skin Diseases, Viral
Emergencies
Infant, Newborn, Diseases
Melanosis
Vision Disorders
Tauopathies
Dysgerminoma
Puerperal Disorders
Joint Deformities, Acquired
Potassium Deficiency
DiGeorge Syndrome
Pre-Excitation Syndromes
Somatostatinoma
Vascular System Injuries
Gender Dysphoria
Phenylketonuria, Maternal
Tachycardia, Paroxysmal
Intertrigo
Malnutrition
Brain Diseases
Leukemia, Myelomonocytic, Juvenile
Osteochondrosis
Tooth Mobility
Neuroacanthocytosis
Panuveitis
Gastric Outlet Obstruction
Channelopathies
Eye Infections, Bacterial
Lung, Hyperlucent
Ventricular Dysfunction, Right
Respiratory Tract Infections
Proteinuria
Adenocarcinoma, Scirrhous
Hemoptysis
Vascular Remodeling
Disease Progression
Vitamin D Deficiency
Multiple Sclerosis
Aortic Rupture
Hearing Loss, Sensorineural
Neurofibrosarcoma
Brain Diseases, Metabolic, Inborn
Thyroid Diseases
Neonatal Abstinence Syndrome
Colitis
Leukemia, Eosinophilic, Acute
Velopharyngeal Insufficiency
Central Nervous System Infections
Atrophy
Loiasis
Purpura, Thrombotic Thrombocytopenic
Lipodystrophy
Vascular Calcification
Peptic Ulcer
Aerophagy
Ileitis
Autistic Disorder
Fused Kidney
Hematoma, Subdural, Chronic
Ureterolithiasis
Anemia, Iron-Deficiency
Parasitic Diseases, Animal
Liddle Syndrome
Disseminated Intravascular Coagulation
Piriformis Muscle Syndrome
Hyperekplexia
Meconium Ileus
Rotator Cuff Tear Arthropathy
Atypical Hemolytic Uremic Syndrome
Maxillary Sinusitis
Cartilage Diseases
Hyperplasia
Basal Ganglia Cerebrovascular Disease
Nasal Septal Perforation
Ventricular Remodeling
Mycobacterium Infections
Chest Pain
Birt-Hogg-Dube Syndrome
Collagenous Sprue
Respiratory System Abnormalities
Hyperbilirubinemia, Neonatal
Alveolitis, Extrinsic Allergic
Hepatopulmonary Syndrome
Plaque, Amyloid
Hypoxia
Treponemal Infections
Thymus Hyperplasia
Tuberculosis, Miliary
Anemia, Hypoplastic, Congenital
Gingival Diseases
Penile Induration
Paraplegia
Specific Language Disorder
Retrognathia
Osteolysis
Esophagitis, Peptic
Urogenital Neoplasms
Choriocarcinoma
Pericardial Effusion
Parotid Diseases
Cognitive Dysfunction
Degloving Injuries
Erythema Multiforme
Zollinger-Ellison Syndrome
Insomnia, Fatal Familial
Thyroiditis, Autoimmune
Cardiovascular Infections
Progeria
Opiate Overdose
Parasitic Diseases
Ventricular Fibrillation
Root Resorption
Hyperglycinemia, Nonketotic
Laboratory Infection
Epilepsy, Post-Traumatic
Hepatic Encephalopathy
Smear Layer
Central Nervous System Viral Diseases
Li-Fraumeni Syndrome
Femoral Fractures
Occupational Diseases
Granulosa Cell Tumor
Demyelinating Diseases
Marburg Virus Disease
Granulomatous Mastitis
Embolism, Amniotic Fluid
Andersen Syndrome
Foodborne Diseases
Bone Neoplasms
Hemangioma, Capillary
Maxillary Neoplasms
Taste Disorders
Epidermolysis Bullosa Dystrophica
Urological Manifestations
Demyelinating Autoimmune Diseases, CNS
Dystonic Disorders
Pneumovirus Infections
Hyperbilirubinemia
Nausea
Optic Nerve Glioma
Skin Diseases, Bacterial
Testicular Hydrocele
Enteropathy-Associated T-Cell Lymphoma
Compartment Syndromes
Anisometropia
Keratitis, Dendritic
Trophoblastic Tumor, Placental Site
Dermatomycoses
Anemia, Pernicious
Gingivitis
Distal Myopathies
Brachydactyly
Fetal Alcohol Spectrum Disorders
Hepatorenal Syndrome
Tinea Pedis
Arachnoid Cysts
Nervous System Diseases
Muscular Atrophy
Wounds, Stab
Rare Diseases
Cluster Headache
Binge-Eating Disorder
Hand Deformities
Erectile Dysfunction
Leukemia, Mast-Cell
Myoclonic Epilepsy, Juvenile
Sex Chromosome Aberrations
Leukemia, Myelomonocytic, Acute
Influenza, Human
Squamous Cell Carcinoma of Head and Neck
Frontotemporal Dementia
Nasal Polyps
Wound Infection
Rhinitis, Allergic, Perennial
Hematoma, Subdural, Acute
Miosis
Bordetella Infections
Heel Spur
Mycobacterium avium-intracellulare Infection
Carcinoma, Medullary
Bipolar and Related Disorders
Cherubism
Eye Diseases
Communicable Diseases, Emerging
Meningitis, Cryptococcal
Bile Duct Diseases
Histiocytoma, Malignant Fibrous
Cholesteatoma
Conjunctival Neoplasms
Anus Diseases
Neurocysticercosis
Malignant Hyperthermia
Aortic Arch Syndromes
Leukemoid Reaction
Aphasia, Broca
Paralysis
Hypopigmentation
Osteolysis, Essential
Tendon Entrapment
Nephrolithiasis
Globus Sensation
Ketosis
Opsoclonus-Myoclonus Syndrome
Keratoacanthoma
Eye Hemorrhage
Chorioretinitis
Brain Diseases, Metabolic
Protein C Deficiency
Wilms Tumor
Hernia, Femoral
Barrett Esophagus
Multiple Sclerosis, Chronic Progressive
Synovitis, Pigmented Villonodular
Coronary Restenosis
Diabetic Foot
Amyloidosis
Flushing
Takotsubo Cardiomyopathy
Ganglioneuroma
Tuberculosis
Adamantinoma
Myelodysplastic Syndromes
Death
Microstomia
Postphlebitic Syndrome
Pregnancy Complications
Alcoholic Intoxication
Erythromelalgia
De Lange Syndrome
Coronary Vessel Anomalies
Ventricular Dysfunction, Left
Tracheitis
Elephantiasis
Schnitzler Syndrome
Fetal Hypoxia
X-Linked Combined Immunodeficiency Diseases
Neuroma
Macular Edema
Essential Hypertension
Tachycardia, Reciprocating
Neoplasm Micrometastasis
Femoral Neck Fractures
Urinary Calculi
Adenoma, Basophil
Endocardial Fibroelastosis
Lymphangioma
Neurotoxicity Syndromes
Erythema Chronicum Migrans
Tibial Meniscus Injuries
Machado-Joseph Disease
Amyloid Neuropathies
POEMS Syndrome
Social Communication Disorder
Dyskinesia, Drug-Induced
Dyspareunia
Flatfoot
Panniculitis, Peritoneal
Bartonellaceae Infections
Epileptic Syndromes
AIDS-Associated Nephropathy
Urethral Stricture
Gingivitis, Necrotizing Ulcerative
Intervertebral Disc Degeneration
Trichothiodystrophy Syndromes
Exophthalmos
Furunculosis
Shock, Septic
Endocrine Gland Neoplasms
Nephritis, Hereditary
Severe Acute Respiratory Syndrome
Exsanguination
Autoimmune Diseases of the Nervous System
Shoulder Fractures
Bruxism
Sleep Disorders, Intrinsic
Candidiasis, Oral
Hepatitis, Viral, Human
Micronuclei, Chromosome-Defective
Optic Nerve Neoplasms
Gastritis
Dermatitis, Photoallergic
Purpura, Schoenlein-Henoch
Plasmablastic Lymphoma
MERRF Syndrome
Paranasal Sinus Neoplasms
Bone Malalignment
Eye Foreign Bodies
Von Willebrand Disease, Type 1
Cystic Adenomatoid Malformation of Lung, Congenital
Respiratory Syncytial Virus Infections
Job Syndrome
Biliary Dyskinesia
Affective Disorders, Psychotic
Bronchomalacia
Pregnancy Complications, Infectious
Acute Radiation Syndrome
Leukemia, Myeloid, Acute
Lymphangiectasis, Intestinal
Open Bite
Fatty Liver
Lymphedema
Epilepsy, Generalized
Endocarditis
Autonomic Dysreflexia
Echinococcosis, Hepatic
Blepharoptosis
Pubic Symphysis Diastasis
Gingival Hemorrhage
Pelvic Neoplasms
Tooth Fractures
Coronary Occlusion
Sturge-Weber Syndrome
Adenomyosis
Epidural Abscess
Trismus
Coloboma
Esophageal Squamous Cell Carcinoma
Uterine Cervical Incompetence
Bronchial Neoplasms
Ovarian Neoplasms
Cerebral Ventricle Neoplasms
Retinal Perforations
Skin Diseases
Vitamin B 6 Deficiency
Pinealoma
Acute Febrile Encephalopathy
Congenital Hyperinsulinism
Olivopontocerebellar Atrophies
Pilomatrixoma
Congenital Microtia
Hoarseness
Fournier Gangrene
Encephalomyelitis, Equine
Osteoporotic Fractures
Obesity, Maternal
Multiple Endocrine Neoplasia
Labor Pain
Chemical and Drug Induced Liver Injury, Chronic
Amniotic Band Syndrome
Pancreatic Intraductal Neoplasms
Uterine Neoplasms
Alcohol-Induced Disorders
Unverricht-Lundborg Syndrome
Dissociative Identity Disorder
Prosthesis Failure
Liver Failure, Acute
Chronic Exertional Compartment Syndrome
Tinnitus
Magnesium Deficiency
Muscular Dystrophy, Emery-Dreifuss
Femoral Neuropathy
Takayasu Arteritis
Underage Drinking
Asymptomatic Diseases
Uterine Retroversion
Renal Colic
Pectus Carinatum
Extensively Drug-Resistant Tuberculosis
Hemorrhagic Fever, Crimean
Typhoid Fever
Hyperlipidemias
Necrobiotic Disorders
Endometritis
Acute Disease
Sexual Dysfunction, Physiological
Lissencephaly
Hemostatic Disorders
Gonadal Dysgenesis
Foot Ulcer
Mucolipidoses
Dent Disease
Salivary Gland Neoplasms
Persistent Hyperplastic Primary Vitreous
Prurigo
Hereditary Autoinflammatory Diseases
Craniofacial Abnormalities
Diverticulitis, Colonic
Carcinoma, Adenosquamous
Encephalitis, Arbovirus
Deaf-Blind Disorders
Polycystic Kidney, Autosomal Dominant
Arm Injuries
Uveitis, Anterior
Tuberculoma
Alcohol Drinking in College
Monoclonal Gammopathy of Undetermined Significance
Pyoderma
Motor Skills Disorders
Telangiectasia, Hereditary Hemorrhagic
Lymphoma, Primary Effusion
Yersinia Infections
Hypercholesterolemia
Hyperlipoproteinemia Type IV
Hepatitis, Animal
Alopecia
Rhabdomyosarcoma, Embryonal
Carcinoma, Islet Cell
Posterior Leukoencephalopathy Syndrome
Arthritis, Infectious
Psychomotor Agitation
Neural Tube Defects
Tooth, Nonvital
Eye Infections, Parasitic
Craniofacial Dysostosis
Rheumatic Heart Disease
Familial Multiple Lipomatosis
Leukemia, T-Cell
Diffuse Intrinsic Pontine Glioma
Bone Diseases
Proctitis
Hydrocephalus
Phobic Disorders
Thyroglossal Cyst
Vestibular Diseases
Gonorrhea
Lymphadenopathy
Yaws
Porphyria, Erythropoietic
Pyruvate Dehydrogenase Complex Deficiency Disease
Urinary Retention
Lacerations
Hypoparathyroidism
Hiccup
Anemia, Refractory
Duodenal Neoplasms
Thymoma
Facies
Lower Urinary Tract Symptoms
Shock
Azotemia
Signs and Symptoms, Digestive
Pneumonia
Conjunctivitis, Allergic
Carcinoma, Verrucous
Hypopituitarism
Lateral Sinus Thrombosis
Ureteral Diseases
Arrhythmogenic Right Ventricular Dysplasia
Muscular Atrophy, Spinal
Ureaplasma Infections
Chilblains
Aniseikonia
Foot Injuries
Hearing Disorders
Cardiomyopathies
Osteophyte
Vagus Nerve Diseases
Multiple System Atrophy
Hyperhomocysteinemia
Tay-Sachs Disease
Scorpion Stings
Pemphigoid, Benign Mucous Membrane
Aortic Aneurysm, Abdominal
Meningitis, Bacterial
Brachial Plexus Neuritis
Malformations of Cortical Development
Intraoperative Complications
Fetal Membranes, Premature Rupture
Caregiver Burden
Vitamin B Deficiency
Factor XI Deficiency
Fructose Intolerance
Acute Chest Syndrome
Endometrial Stromal Tumors
Chediak-Higashi Syndrome
Biotinidase Deficiency
Spina Bifida Occulta
Headache Disorders, Secondary
Pulmonary Emphysema
Opisthorchiasis
Central Cord Syndrome
Congenital Hypothyroidism
Tuberous Sclerosis
Muscle Hypotonia
Unconsciousness
Tooth Eruption, Ectopic
Polyradiculopathy
Peripheral Nervous System Neoplasms
Vertigo
Facial Nerve Diseases
Hirsutism
Thromboangiitis Obliterans
Caroli Disease
Burkholderia Infections
Supraglottitis
Mucopolysaccharidosis VI
Post-Exercise Hypotension
Molluscum Contagiosum
Weight Gain
Ovarian Hyperstimulation Syndrome
Multiple Carboxylase Deficiency
Meningococcal Infections
Fasciitis
Optic Disk Drusen
Angioedemas, Hereditary
Hernias, Diaphragmatic, Congenital
Trisomy 13 Syndrome
Dental Plaque
Kashin-Beck Disease
Myotonia
Nephrosis, Lipoid
Niemann-Pick Diseases
Chlamydial Pneumonia
Hyperlipoproteinemia Type V
Smith-Magenis Syndrome
Mastodynia
Foreign Bodies
Complex Regional Pain Syndromes
Endoleak
Neoplasms, Fibrous Tissue
Muscular Dystrophy, Oculopharyngeal
Carcinoma, Bronchogenic
Adenocarcinoma, Mucinous
Urinary Bladder, Overactive
Motor Neuron Disease
Corneal Wavefront Aberration
Popliteal Artery Entrapment Syndrome
Talipes
Cardiomyopathy, Restrictive
Mandibular Nerve Injuries
Fecal Impaction
Epididymitis
Cerebrovascular Trauma
Anti-N-Methyl-D-Aspartate Receptor Encephalitis
Pyloric Stenosis, Hypertrophic
beta-Thalassemia
Histiocytosis, Sinus
Endomyocardial Fibrosis
Out-of-Hospital Cardiac Arrest
Conjunctival Diseases
Perinatal Death
Encephalomyelitis
Hidradenitis Suppurativa
Cumulative Trauma Disorders
Metatarsus Varus
Adrenal Cortex Diseases
Paresthesia
Periapical Diseases
Hypotension
Lipedema
Hyperoxia
Neuromuscular Junction Diseases
Lupus Erythematosus, Cutaneous
Psychoses, Substance-Induced
Larva Migrans
Glomerulonephritis, Membranous
Vocal Cord Dysfunction
Cholangitis
Scleroderma, Limited
Spinal Curvatures
Echovirus Infections
Keratoconjunctivitis
Osteoarthritis, Spine
Albinism, Oculocutaneous
Cestode Infections
Body Dysmorphic Disorders
Lymphangiomyoma
Glycogen Storage Disease Type I
Noncommunicable Diseases
Hyperuricemia
Angiodysplasia
Pseudarthrosis
Hemochromatosis
Choline Deficiency
Myofascial Pain Syndromes
Pleural Effusion
Urethral Diseases
Acute Lung Injury
Ovarian Diseases
Diabetic Ketoacidosis
Aphasia
Tumor Virus Infections
Histrionic Personality Disorder
Diplopia
Shoulder Pain
Rhabditida Infections
Neuroma, Acoustic
Ageusia
Congenital Bone Marrow Failure Syndromes
Classical Lissencephalies and Subcortical Band Heterotopias
Rickets, Hypophosphatemic
Periodontal Cyst
Activated Protein C Resistance
Tricuspid Atresia
Birth Injuries
ACTH-Secreting Pituitary Adenoma
Epilepsy, Frontal Lobe
Intussusception
Septo-Optic Dysplasia
Heart Rupture, Post-Infarction
Williams Syndrome
Puberty, Precocious
Chondrodysplasia Punctata
Nervous System Malformations
Hyperinsulinism
Leukemia, Large Granular Lymphocytic
Gait Ataxia
Paroxysmal Hemicrania
Jaw Diseases
Dental Calculus
Rectal Diseases
Subclavian Steal Syndrome
Ventricular Outflow Obstruction
Vitreous Hemorrhage
Blister
Keratitis
Argininosuccinic Aciduria
Anxiety, Separation
Arbovirus Infections
Prodromal Symptoms
Hamartoma
Optic Neuritis
Stroke, Lacunar
Lennox Gastaut Syndrome
Infarction, Posterior Cerebral Artery
Eyelid Diseases
Pneumothorax
Migraine Disorders
Lymphoma, B-Cell
Choanal Atresia
Corneal Ulcer
Carotid-Cavernous Sinus Fistula
Hyperostosis, Diffuse Idiopathic Skeletal
Urinary Incontinence, Urge
CREST Syndrome
Cystadenocarcinoma, Mucinous
Mucopolysaccharidosis I
Tooth Loss
Tibial Neuropathy
Immunoblastic Lymphadenopathy
Phagocyte Bactericidal Dysfunction
Mycosis Fungoides
Myositis Ossificans
Skin Abnormalities
Hemangioendothelioma
Ocular Motility Disorders
Fissure in Ano
Mania
Hypoxia-Ischemia, Brain
Gingival Hypertrophy
Popliteal Cyst
Status Asthmaticus
Iron Metabolism Disorders
Slow Virus Diseases
Panniculitis
Peritoneal Neoplasms
Breakthrough Pain
Keratosis, Seborrheic
Lymphoma, Large-Cell, Immunoblastic
Hyperaldosteronism
Neoplasm Recurrence, Local
Mumps
Urethritis
Lysosomal Storage Diseases
Eyelid Neoplasms
Obesity Hypoventilation Syndrome
Granuloma
Steroid Metabolism, Inborn Errors
Hypocapnia
Central Serous Chorioretinopathy
Hypersensitivity, Immediate
Primary Immunodeficiency Diseases
Urticaria Pigmentosa
Anemia, Neonatal
Supratentorial Neoplasms
Neurogenic Inflammation
Autosomal Emery-Dreifuss Muscular Dystrophy
Red-Cell Aplasia, Pure
Mastoiditis
Rhinitis, Allergic
Severe Acute Malnutrition
Foramen Ovale, Patent
Microsporidiosis
Nephrotic Syndrome
Ankylosis
Primary Dysautonomias
Spinal Cord Compression
Lymphatic Metastasis
Gyrate Atrophy
Reinjuries
Fibrosarcoma
Tracheobronchomalacia
Epilepsy, Tonic-Clonic
Cardiomyopathy, Hypertrophic, Familial
Acne Vulgaris
Alcoholic Korsakoff Syndrome
Craniosynostoses
Amyloid Neuropathies, Familial
Persistent Fetal Circulation Syndrome
Choroidal Neovascularization
Intestinal Fistula
Amelogenesis Imperfecta
Pyruvate Metabolism, Inborn Errors
Coronary Thrombosis
Prehypertension
Protein Deficiency
Bone Resorption
Ureteral Neoplasms
Lipidoses
Denys-Drash Syndrome
Toxoplasmosis, Cerebral
Fungemia
Monteggia's Fracture
Eye Diseases, Hereditary
Zygomatic Fractures
Depression
Rocky Mountain Spotted Fever
Uterine Perforation
Tuberculosis, Pleural
Rectal Fistula
Pneumoconiosis
Lymphoma
Hearing Loss, High-Frequency
Porphyrias
Jaw Neoplasms
Intestinal Polyposis
Chronobiology Disorders
Cone Dystrophy
Low Back Pain
Keratoderma, Palmoplantar, Diffuse
Cicatrix
Hearing Loss, Central
Abortion, Threatened
Spirochaetales Infections
Cerebrospinal Fluid Leak
Macrophage Activation Syndrome
Periodontitis
Trochlear Nerve Diseases
Ameloblastoma
Thinness
Trisomy 18 Syndrome
Rheumatoid Nodule
Epidermolysis Bullosa Simplex
Arteritis
Felty Syndrome
Leukemia, Myeloid
Glaucoma, Neovascular
Bird Fancier's Lung
Tuberculosis, Urogenital
COVID-19
Toxic Optic Neuropathy
Adenoma, Chromophobe
Ectodermal Dysplasia 1, Anhidrotic
Pick Disease of the Brain
Hyperglycemia
Peptic Ulcer Hemorrhage
Fascioliasis
Tangier Disease
Pancreatitis
Nails, Malformed
Carcinoma, Lobular
Remission, Spontaneous
Fatigue Syndrome, Chronic
Paralyses, Familial Periodic
Ureteral Calculi
Dendritic Cell Sarcoma, Interdigitating
Single Umbilical Artery
Diffuse Cerebral Sclerosis of Schilder
Osteonecrosis
Prediabetic State
Bipolar Disorder
Myotonic Dystrophy
Addison Disease
Tick Bites
Lip Neoplasms
Anetoderma
Idiopathic Pulmonary Fibrosis
Renal Tubular Transport, Inborn Errors
Amnesia, Anterograde
Tuberculosis, Spinal
Hepatoblastoma
Lymphoma, Mantle-Cell
Spirurida Infections
Urticaria
Drowning
Diarrhea, Infantile
Shoulder Impingement Syndrome
Amaurosis Fugax
Rhabdoid Tumor
Enterovirus Infections
Meningitis, Meningococcal
Anorexia
Contracture
Burnout, Professional
Ciliopathies
Erythema Nodosum
Dermoid Cyst
Venous Thromboembolism
Hematoma, Subdural
Immune Complex Diseases
Talipes Cavus
Cardiac Conduction System Disease
Orthostatic Intolerance
Vascular Headaches
Mediastinal Emphysema
Speech Sound Disorder
Central Nervous System Vascular Malformations
Brain Death
Osteochondrodysplasias
Compassion Fatigue
Alopecia Areata
Joint Instability
Skin Diseases, Vascular
Stomatitis, Herpetic
Neurodevelopmental Disorders
Tuberculosis, Multidrug-Resistant
Erythema Infectiosum
Neuroblastoma
Astigmatism
Peutz-Jeghers Syndrome
Radius Fractures
Arterial Occlusive Diseases
Meningitis, Viral
Conjunctivitis, Bacterial
Hydroa Vacciniforme
Nerve Sheath Neoplasms
Tibial Fractures
Anomia
Brain Injuries, Traumatic
Epidermodysplasia Verruciformis
Acute Generalized Exanthematous Pustulosis
Liver Abscess, Pyogenic
Severe Fever with Thrombocytopenia Syndrome
Pregnancy, Prolonged
Dentin Sensitivity
Voice Disorders
Lipodystrophy, Familial Partial
Iliac Aneurysm
Narcotic-Related Disorders
Neoplasm Invasiveness
Brain Neoplasms
Reactive Attachment Disorder
Neoplasms, Experimental
Cystadenocarcinoma
Ureterocele
Occupational Injuries
Neuromyelitis Optica
Bacteriuria
Median Arcuate Ligament Syndrome
Hearing Loss, Conductive
Bacillaceae Infections
Prolactinoma
Bladder Exstrophy
Leukomalacia, Periventricular
Leukocyte Disorders
Tertiary Lymphoid Structures
Pain, Intractable
Adrenocortical Adenoma
Aniridia
Choroideremia
Salivary Gland Calculi
Glossitis, Benign Migratory
Thiamine Deficiency
Myopia, Degenerative
Hyperoxaluria, Primary
Spinal Cord Injuries
Chorioamnionitis
Chromosome Deletion
Trachoma
Neurologic Manifestations
Peripheral Nervous System Diseases
Vaginismus
Airway Obstruction
Heart Neoplasms
Carotid Artery Injuries
Antiphospholipid Syndrome
Darier Disease
Eye Injuries
Megacolon
Muscular Disorders, Atrophic
Situs Inversus
Bone Diseases, Developmental
Body Weight
Meigs Syndrome
Neoplasms, Fibroepithelial
Embolism, Air
Hernia, Ventral
Hypokalemia
Hyperpigmentation
Central Nervous System Diseases
XYY Karyotype
Anemia, Hemolytic, Autoimmune
Peptic Ulcer Perforation
Tinea
Coronary Vasospasm
Empyema, Pleural
Retinoblastoma
Plagiocephaly, Nonsynostotic
Fetal Distress
Postmortem Changes
Euthyroid Sick Syndromes
Leukemia, Megakaryoblastic, Acute
Coronary Aneurysm
Muscular Dystrophy, Duchenne
Rupture, Spontaneous
Respiratory Tract Diseases
Chylothorax
Nephritis, Interstitial
Clubfoot
Tachycardia, Ectopic Atrial
Leukemia, Hairy Cell
Thoracic Outlet Syndrome
Q Fever
Trichuriasis
Prosopagnosia
Cutaneous Fistula
Mesial Movement of Teeth
Respiratory Insufficiency
Hepatitis C, Chronic
Trigeminal Nerve Injuries
Epilepsy, Temporal Lobe
Hypohidrosis
Skin Diseases, Vesiculobullous
Dihydropyrimidine Dehydrogenase Deficiency
Thrombophlebitis
Neoplasms, Cystic, Mucinous, and Serous
Radiculopathy
Carcinoma, Papillary, Follicular
Neuroendocrine Tumors
Stargardt Disease
Multiple Chemical Sensitivity
Psychotic Disorders
Psychomotor Disorders
Cecal Diseases
X-Linked Emery-Dreifuss Muscular Dystrophy
Adenocarcinoma, Clear Cell
Encephalomyelitis, Western Equine
Dermatitis, Exfoliative
Scleral Diseases
Fistula
Microvascular Angina
Paget's Disease, Mammary
Hypersplenism
Diverticulosis, Colonic
Corneal Opacity
Coccidiosis
Heart Septal Defects, Atrial
Malaria, Vivax
Hemangioendothelioma, Epithelioid
Enuresis
Nephrocalcinosis
Osteoblastoma
Respiratory Distress Syndrome, Newborn
Opioid-Induced Constipation
Diaphragmatic Eventration
Hypobetalipoproteinemia, Familial, Apolipoprotein B
Panic Disorder
Coronavirus Infections
Fowlpox
Kyphosis
Prosthesis-Related Infections
Diphtheria
Metabolic Syndrome
Keratoconus
Hepatitis
Double Outlet Right Ventricle
Tooth Abnormalities
Heart Rupture
Cleft Lip
Non-ST Elevated Myocardial Infarction
Tuberculosis, Osteoarticular
Myocardial Ischemia
Leishmaniasis, Mucocutaneous
Mediastinitis
Thrombocythemia, Essential
Autoimmune Diseases
Dependent Personality Disorder
Erysipelas
Dizziness
Bone Diseases, Infectious
Giant Axonal Neuropathy
Immune System Diseases
Anemia, Megaloblastic
Limbic Encephalitis
Plaque, Atherosclerotic
Idiopathic Interstitial Pneumonias
Angiolymphoid Hyperplasia with Eosinophilia
Alpha 1-Antitrypsin Deficiency
Pyomyositis
Urinary Bladder Neoplasms
Intervertebral Disc Displacement
Follicular Cyst
Cecal Neoplasms
Nails, Ingrown
Hearing Loss, Mixed Conductive-Sensorineural
Nut and Peanut Hypersensitivity
Nociceptive Pain
Spinal Stenosis
Impulsive Behavior
Pelvic Floor Disorders
Optic Nerve Injuries
Hand-Foot Syndrome
Kidney Tubular Necrosis, Acute
Central Nervous System Protozoal Infections
Cryptogenic Organizing Pneumonia
Lung Diseases, Fungal
Miller Fisher Syndrome
Vitamin E Deficiency
Food Hypersensitivity
Helicobacter Infections
Actinomycosis
Liver Cirrhosis
Carcinoma, Non-Small-Cell Lung
Dermatitis, Perioral
Hepatitis, Autoimmune
Aspergillosis, Allergic Bronchopulmonary
DNA Virus Infections
Gestational Weight Gain
Chagas Cardiomyopathy
Choledochal Cyst
Facial Neoplasms
Hip Dislocation, Congenital
Familial Hypophosphatemic Rickets
Myelitis
Multiple Acyl Coenzyme A Dehydrogenase Deficiency
Stomatognathic System Abnormalities
Lentivirus Infections
Breast Neoplasms, Male
Finger Injuries
Rubivirus Infections
Sebaceous Gland Neoplasms
Legg-Calve-Perthes Disease
Lymphatic Vessel Tumors
Mouth Diseases
Communication Disorders
Ichthyosiform Erythroderma, Congenital
Salivary Calculi
Hepatitis, Alcoholic
Refeeding Syndrome
Hypertension
Bronchopneumonia
Heart Failure, Systolic
Hepatitis D, Chronic
Neonatal Brachial Plexus Palsy
Dental Leakage
Albuminuria
Cerebral Small Vessel Diseases
Schizophrenia Spectrum and Other Psychotic Disorders
Sexually Transmitted Diseases, Viral
Pericarditis
Depressive Disorder
Bronchitis, Chronic
Wernicke Encephalopathy
Bronchial Fistula
Lassa Fever
Suicide, Attempted
Unilateral Breast Neoplasms
Vesicular Stomatitis
Geographic Atrophy
Encephalitis, Tick-Borne
Refsum Disease, Infantile
Brain Concussion
Asthma, Occupational
Scotoma
Hypoplastic Left Heart Syndrome
Facial Pain
Tissue Adhesions
Hypercalcemia
Paraneoplastic Syndromes, Nervous System
Whipple Disease
Metal Metabolism, Inborn Errors
Hallux Valgus
Melorheostosis
Rubinstein-Taybi Syndrome
Shwachman-Diamond Syndrome
Thrombasthenia
Ischemic Attack, Transient
Skin Diseases, Infectious
Drinking Behavior
Folic Acid Deficiency
Infertility, Male
Coffin-Lowry Syndrome
Lynch Syndrome II
Parkinson Disease, Secondary
Amebiasis
Neoplasms
Urinary Bladder Fistula
Malocclusion
Anuria
Empty Sella Syndrome
Cardiomegaly
Fetal Nutrition Disorders
Uveitis, Posterior
Histiocytic Necrotizing Lymphadenitis
Incontinentia Pigmenti
Seroma
Legionellosis
Cerebral Arterial Diseases
Thymus Neoplasms
Osteogenesis Imperfecta
Aneuploidy
Dysostoses
Depersonalization
Retrocochlear Diseases
Hypertension, Renovascular
Sex Chromosome Disorders of Sex Development
Disorders of Excessive Somnolence
Encephalomyelitis, Venezuelan Equine
Consciousness Disorders
Lipomatosis, Multiple Symmetrical
Prostatic Neoplasms, Castration-Resistant
Oral Manifestations
Meningeal Neoplasms
Albinism, Ocular
Internet Addiction Disorder
Plant Poisoning
Asphyxia
Paraganglioma
Hydatidiform Mole, Invasive
Sunburn
Stereotypic Movement Disorder
Klebsiella Infections
Liver Neoplasms, Experimental
Hypoaldosteronism
Median Neuropathy
Osteochondromatosis
Dysplastic Nevus Syndrome
Fibromyalgia
Multiple Sulfatase Deficiency Disease
Bulbar Palsy, Progressive
Ear Diseases
Eisenmenger Complex
Anemia, Sickle Cell
Substance Withdrawal Syndrome
Neurasthenia
Sphenoid Sinusitis
Autism Spectrum Disorder
Carcinoma, Small Cell
Sporotrichosis
Shoulder Dislocation
Myalgia
Hyperprolactinemia
Breast Neoplasms
Bisphosphonate-Associated Osteonecrosis of the Jaw
Upper Extremity Deep Vein Thrombosis
Fucosidosis
Hemianopsia
Testicular Diseases
Diabetes Complications
Head Injuries, Penetrating
Muscular Dystrophies
Tachycardia
Compulsive Personality Disorder
Liposarcoma, Myxoid
Alcohol Withdrawal Delirium
Lymphangiectasis
De Quervain Disease
Stuttering
Hypertrichosis
Paresis
Carpal Tunnel Syndrome
Retroperitoneal Neoplasms
Febrile Neutropenia
Fasciitis, Plantar
Uveitis
Choristoma
Vascular Malformations
Perimeningeal Infections
Rectovaginal Fistula
Virilism
Language Development Disorders
Thrombocytopenia
Sex Cord-Gonadal Stromal Tumors
Hematoma, Epidural, Spinal
Neoplastic Syndromes, Hereditary
Idiopathic Hypersomnia
Drug Hypersensitivity Syndrome
Jaw Fractures
Spastic Paraplegia, Hereditary
Periodontal Diseases
Paranasal Sinus Diseases
Candidemia
Urinary Incontinence, Stress
Tonsillar Neoplasms
Proctocolitis
Retinal Dystrophies
Herpes Genitalis
Accessory Nerve Injuries
Mouth Abnormalities
Ileal Diseases
Synkinesis
Arthritis, Rheumatoid
Diverticulum, Esophageal
Hepatitis B
Rubella
Sulfatidosis
Hair Diseases
Heart Septal Defects
Foot Diseases
Laryngeal Nerve Injuries
Brachial Plexus Neuropathies
Dry Socket
Systolic Murmurs
Micrognathism
Nematode Infections
Toxoplasmosis
Klinefelter Syndrome
Mandibulofacial Dysostosis
Spondylolisthesis
Brugada Syndrome
Bunion
Paraneoplastic Polyneuropathy
Neoplasms, Nerve Tissue
Mitral Valve Stenosis
Mitochondrial Myopathies
Tarsal Coalition
Farber Lipogranulomatosis
Vascular Neoplasms
Epilepsies, Myoclonic
Mucocutaneous Lymph Node Syndrome
Medullary Sponge Kidney
Conjunctivitis, Inclusion
Diverticulum
Glaucoma, Open-Angle
Syphilis
Hand, Foot and Mouth Disease
Intraabdominal Infections
Synostosis
Familial Mediterranean Fever
Gait Disorders, Neurologic
Esthesioneuroblastoma, Olfactory
Nail-Patella Syndrome
Adrenocortical Hyperfunction
Retroperitoneal Fibrosis
Nephritis
Epilepsy
Cervical Intraepithelial Neoplasia
Neurofibromatoses
Multifocal Choroiditis
Milk Hypersensitivity
Strongylida Infections
Dental Caries
Tyrosinemias
Thromboembolism
Hepatolenticular Degeneration
Frostbite
Cysticercosis
Suicide
Acute Kidney Injury
Balanitis
Mesothelioma, Malignant
Enophthalmos
Transfusion-Related Acute Lung Injury
Esophageal Spasm, Diffuse
Pulpitis
Nocturia
Abnormalities, Severe Teratoid
Anophthalmos
Microphthalmos
Vestibular Neuronitis
Balanitis Xerotica Obliterans
Osteoradionecrosis
Maxillary Fractures
Dysentery, Amebic
Oral Hemorrhage
Necrobiosis Lipoidica
Dumping Syndrome
Premenstrual Dysphoric Disorder
Deglutition Disorders
Starvation
Behavioral Symptoms
Hydronephrosis
Escherichia coli Infections
Mixed Tumor, Malignant
Cushing Syndrome
Waldenstrom Macroglobulinemia
Aortic Valve Insufficiency
Syringoma
Bone Demineralization, Pathologic
Myosarcoma
Mushroom Poisoning
Metaplasia
Papillomavirus Infections
Spondylitis, Ankylosing
Gliosis
Neoplastic Processes
Congenital Abnormalities
Stillbirth
Anisakiasis
Auditory Diseases, Central
Dermatitis
Maple Syrup Urine Disease
Catalepsy
Von Willebrand Disease, Type 2
Rhinorrhea
Ichthyosis, X-Linked
Malocclusion, Angle Class III
Spinal Cord Neoplasms
Atrial Flutter
Spondylolysis
Pneumonia, Pneumocystis
Delayed Graft Function
Prognathism
Bicuspid Aortic Valve Disease
Lymphoma, Non-Hodgkin
Sprains and Strains
Lung Diseases
Accidental Injuries
Varicella Zoster Virus Infection
Iridocyclitis
Lichenoid Eruptions
Asymptomatic Infections
Slipped Capital Femoral Epiphyses
Dental Occlusion, Traumatic
Hemophilia B
Empyema
Colonic Diseases
Sudden Unexpected Death in Epilepsy
Stress Disorders, Traumatic, Acute
Echinococcosis
Peritoneal Diseases
Alert Fatigue, Health Personnel
Calcium Metabolism Disorders
Retinal Drusen
Radicular Cyst
Platybasia
Neurocirculatory Asthenia
Wounds, Nonpenetrating
Melena
Vaginosis, Bacterial
Alcoholism
Malignant Carcinoid Syndrome
Chlamydophila Infections
Gagging
Alcohol-Induced Disorders, Nervous System
Insulinoma
Adrenal Cortex Neoplasms
Pleural Diseases
Corneal Endothelial Cell Loss
Nervous System Neoplasms
Aortic Valve Disease
Cognition Disorders
Epilepsy, Complex Partial
Rett Syndrome
Breast Diseases
Salter-Harris Fractures
Opportunistic Infections
Alcohol-Related Disorders
Diarrhea
Hemangiopericytoma
Polydipsia
Gram-Negative Bacterial Infections
Dermatitis, Occupational
Heart Block
Gastrinoma
Hepatic Insufficiency
Multiple Sclerosis, Relapsing-Remitting
Coronary Disease
Encephalitis, Japanese
Mesenteric Ischemia
Lung Diseases, Interstitial
Respiratory Aspiration
Cranial Nerve Neoplasms
Malformations of Cortical Development, Group III
Digestive System Neoplasms
Cerebral Palsy
Plague
Puberty, Delayed
Hyalohyphomycosis
Primary Ovarian Insufficiency
Gastritis, Hypertrophic
Lower Extremity Deformities, Congenital
Arthritis, Psoriatic
Persian Gulf Syndrome
Knee Dislocation
Atrophic Vaginitis
Fusobacteriaceae Infections
Jaundice, Obstructive
Duane Retraction Syndrome
Port-Wine Stain
Hyperemia
Measles
Vulvovaginitis
Pulmonary Fibrosis
Neoplasm Regression, Spontaneous
Dipetalonema Infections
Anemia, Diamond-Blackfan
Lymphocele
War-Related Injuries
Urinary Bladder, Underactive
Implant Capsular Contracture
Fanconi Anemia
Iris Diseases
Intermittent Claudication
Gray Platelet Syndrome
Klippel-Feil Syndrome
Facial Nerve Injuries
Asbestosis
West Nile Fever
Lymphoma, T-Cell, Cutaneous
Meniere Disease
Eye Injuries, Penetrating
Purpura, Thrombocytopenic, Idiopathic
Pancreatic Cyst
Autoimmune Lymphoproliferative Syndrome
Testicular Neoplasms
Buruli Ulcer
Pseudohypoparathyroidism
Common Cold
Colorectal Neoplasms
Cerebral Hemorrhage, Traumatic
Esophageal Atresia
Varicocele
Cri-du-Chat Syndrome
Liposarcoma
Multiple Endocrine Neoplasia Type 2b
Heat Exhaustion
Precursor T-Cell Lymphoblastic Leukemia-Lymphoma
Factor XIII Deficiency
Heroin Dependence
Duodenal Ulcer
Duodenal Obstruction
Acute Coronary Syndrome
Myelitis, Transverse
Eye Infections
Death, Sudden, Cardiac
Alexander Disease
Leiomyomatosis
Candidiasis, Invasive
Capsule Opacification
Hepatitis D
Amenorrhea
Neuralgia, Postherpetic
Chalazion
Pain, Postoperative
Retinal Neovascularization
Hypertrophy, Left Ventricular
Meningioma
Gaucher Disease
Embolism, Fat
Hydrarthrosis
Asthenopia
Hernia, Diaphragmatic, Traumatic
Primary Progressive Nonfluent Aphasia
Crush Injuries
Rabies
Pre-Eclampsia
Pierre Robin Syndrome
Myocardial Bridging
Gallbladder Diseases
Mobility Limitation
Carcinoma, Squamous Cell
Hyperparathyroidism, Secondary
Isaacs Syndrome
Leigh Disease
Delusions
Reproductive Tract Infections
Peripheral Arterial Disease
Fractures, Compression
Embolism and Thrombosis
Ventricular Premature Complexes
Diabetes Mellitus, Type 2
Ulcer
Ischemic Stroke
Protein-Energy Malnutrition
Gilbert Disease
Bone Marrow Failure Disorders
Diabetes Insipidus
Uterine Inertia
Mastocytosis, Cutaneous
Hypoadrenocorticism, Familial
Respiratory Paralysis
Mirizzi Syndrome
Sarcoma, Synovial
Histiocytoma
Foreign-Body Migration
Parapsoriasis
Steatitis
Teratozoospermia
46, XX Disorders of Sex Development
Anemia, Hypochromic
Vector Borne Diseases
Tracheoesophageal Fistula
Tuberculosis, Cardiovascular
Marijuana Abuse
Brain Ischemia
Diabetes Mellitus, Experimental
Dysmenorrhea
Neck Injuries
Mercury Poisoning
Abdomen, Acute
Tooth Abrasion
Obsessive-Compulsive Disorder
Landau-Kleffner Syndrome
Polycythemia Vera
Factor VII Deficiency
Anovulation
Sleep Apnea, Obstructive
Squamous Intraepithelial Lesions of the Cervix
Skull Fractures
Histoplasmosis
Leukoplakia, Hairy
Fasciculation
Carcinoma, Pancreatic Ductal
Bartter Syndrome
Oculomotor Nerve Diseases
Epiglottitis
Endocarditis, Subacute Bacterial
Canavan Disease
Jaw, Edentulous, Partially
Fibromatosis, Aggressive
Muscle Neoplasms
Tardive Dyskinesia
Lymphohistiocytosis, Hemophagocytic
Duodenal Diseases
Leiomyoma
Alveolar Bone Loss
Sphincter of Oddi Dysfunction
Nijmegen Breakage Syndrome
Sleep Disorders, Circadian Rhythm
Thyroid Dysgenesis
Peroneal Neuropathies
Endocardial Cushion Defects
Lyme Disease
Blastomycosis
Spherocytosis, Hereditary
Airway Remodeling
Passive-Aggressive Personality Disorder
Edema
Laryngeal Neoplasms
Myasthenic Syndromes, Congenital
Esophageal Perforation
Embolism, Paradoxical
Hereditary Angioedema Type III
Osteochondritis
Myeloproliferative Disorders
Adiposis Dolorosa
Hemorrhoids
Urinary Fistula
Lambert-Eaton Myasthenic Syndrome
Encephalitis, Viral
Zellweger Syndrome
Placenta, Retained
Desmoplastic Small Round Cell Tumor
Hepatic Veno-Occlusive Disease
Angina Pectoris
Papillon-Lefevre Disease
Hypertrophy
Glycogen Storage Disease Type IV
Heart Murmurs
Blepharospasm
Breast Cancer Lymphedema
Dermatitis, Atopic
Hepatitis, Chronic
Frasier Syndrome
Polymyalgia Rheumatica
Frailty
Cytomegalovirus Retinitis
Combat Disorders
Pharyngeal Diseases
Rotator Cuff Injuries
Otitis Media with Effusion
Intracranial Hypertension
Arachnoiditis
Thyroid Carcinoma, Anaplastic
ACTH Syndrome, Ectopic
Myasthenia Gravis, Autoimmune, Experimental
Microsatellite Instability
Neoplasms, Connective Tissue
Vomiting
Tuberculosis, Female Genital
Thyroid Neoplasms
Helminthiasis
Hyperparathyroidism, Primary
Eructation
Fructose Metabolism, Inborn Errors
Papilloma, Inverted
Astrocytoma
Thyrotoxicosis
Facial Neuralgia
Brain Hemorrhage, Traumatic
Schizophrenia, Childhood
Renal Insufficiency, Chronic
Neoplasms, Adipose Tissue
Stomatitis
Varicose Veins
Conversion Disorder
Dysentery
Myxoma
Hand Injuries
Granuloma, Pyogenic
Esophageal and Gastric Varices
Dyspnea, Paroxysmal
Pityriasis Lichenoides
Mucocele
Paraphilic Disorders
Peritonitis, Tuberculous
Triple Negative Breast Neoplasms
Kidney Neoplasms
Urethral Neoplasms
Cachexia
Disease Susceptibility
Aneurysm, Ruptured
Periodontal Atrophy
Typhlitis
Pinta
Sleep Apnea, Central
Osteoma
Subacute Sclerosing Panencephalitis
Spondylosis
Blast Crisis
Virus Diseases
Arsenic Poisoning
Vaginal Fistula
Meibomian Gland Dysfunction
Lethargy
Laryngopharyngeal Reflux
Insulin Resistance
Hallux Rigidus
Dupuytren Contracture
Pressure Ulcer
Hemiplegia
Bowen's Disease
Paraphimosis
Impotence, Vasculogenic
Torticollis
Hypertriglyceridemia
Night Eating Syndrome
Obesity, Abdominal
Phobia, Social
Bronchial Hyperreactivity
Eye Burns
GATA2 Deficiency
Skin Diseases, Eczematous
Trophoblastic Neoplasms
Tooth Avulsion
Staphylococcal Infections
Wolff-Parkinson-White Syndrome
Hyperoxaluria
Urethral Obstruction
Histiocytosis
Vascular Diseases
Hemangioma, Cavernous
Epilepsy, Rolandic
Pityriasis Rubra Pilaris
Foot Dermatoses
Staghorn Calculi
Paraparesis
Myoclonic Epilepsies, Progressive
Cryptococcosis
Dysgeusia
Intracranial Hemorrhages
Multiple Myeloma
Body Temperature Changes
Ochronosis
Xerostomia
Sarcoglycanopathies
Myasthenia Gravis
Optic Neuropathy, Ischemic
Mouth, Edentulous
Sleep Wake Disorders
Oligohydramnios
Myocardial Stunning
Obstetric Labor Complications
Melioidosis
Polyarteritis Nodosa
Glanders
Snake Bites
Hoarding Disorder
Echinococcosis, Pulmonary
Multiple Endocrine Neoplasia Type 2a
Duodenitis
Severe Combined Immunodeficiency
Lymphomatoid Papulosis
Strongyloidiasis
Pinguecula
Dermatitis Herpetiformis
T-Lymphocytopenia, Idiopathic CD4-Positive
Abetalipoproteinemia
Lipid Metabolism, Inborn Errors
Rheumatoid Vasculitis
Macroglossia
Eunuchism
Deficiency Diseases
Cochlear Diseases
Nephrogenic Fibrosing Dermopathy
Heavy Metal Poisoning
Uterine Cervicitis
Obesity, Metabolically Benign
Postoperative Cognitive Complications
Angiomatosis
Sciatica
Apudoma
Anodontia
Pheochromocytoma
Anorexia Nervosa
Tularemia
Extranodal Extension
Linear IgA Bullous Dermatosis
Adenocarcinoma of Lung
Epstein-Barr Virus Infections
Cardiac Output, Low
Thrombotic Microangiopathies
Tension-Type Headache
Sjogren-Larsson Syndrome
Pulmonary Arterial Hypertension
Perivascular Epithelioid Cell Neoplasms
Agnosia
Liver Abscess, Amebic
Purpura
Lipid Metabolism Disorders
Renal Insufficiency
Nephrosclerosis
Apraxia, Ideomotor
Neoplasms, Adnexal and Skin Appendage
Aortic Diseases
Arteriovenous Malformations
Depressive Disorder, Major
Adrenal Gland Diseases
Colonic Neoplasms
Dissociative Disorders
Muscle Spasticity
Genetic Diseases, Inborn
Spina Bifida Cystica
Cerebellar Neoplasms
Coma
No-Reflow Phenomenon
Inferior Wall Myocardial Infarction
Fractures, Closed
Gitelman Syndrome
Granulomatous Disease, Chronic
Medically Unexplained Symptoms
Body Weight Changes
Maxillofacial Abnormalities
Blood Protein Disorders
Keratoconjunctivitis Sicca
HIV Wasting Syndrome
Dyskeratosis Congenita
Adrenal Insufficiency
Hemoperitoneum
Optic Nerve Hypoplasia
Funnel Chest
Turner Syndrome
Athletic Injuries
Leprosy
Sunstroke
Pulmonary Valve Stenosis
Refractive Errors
Memory Disorders
Spinal Cord Vascular Diseases
Endolymphatic Hydrops
Chordoma
Leber Congenital Amaurosis
Adenocarcinoma, Bronchiolo-Alveolar
Cicatrix, Hypertrophic
Infarction
Odontoma
Acanthocheilonemiasis
Lymphangiosarcoma
Depressive Disorder, Treatment-Resistant
Labyrinth Diseases
Polyradiculoneuropathy
Attention Deficit and Disruptive Behavior Disorders
Drug-Seeking Behavior
Chronic Traumatic Encephalopathy
Travel-Related Illness
Hemosiderosis
Lung Diseases, Obstructive
Temporomandibular Joint Disorders
Pericoronitis
Metatarsalgia
Hypotension, Orthostatic
Parkinsonian Disorders
Bundle-Branch Block
Burnout, Psychological
Bradycardia
Cardio-Renal Syndrome
Hernia, Abdominal
Gastrointestinal Neoplasms
Child Behavior Disorders
Hamartoma Syndrome, Multiple
Adenomatous Polyps
Sarcoma
Churg-Strauss Syndrome
Intra-Abdominal Hypertension
Parathyroid Diseases
Candidiasis, Vulvovaginal
Odontogenic Tumors
Burns, Chemical
Abortion, Spontaneous
Keratosis, Actinic
Ankyloglossia
Polydactyly
Lymphopenia
Acid-Base Imbalance
Maxillofacial Injuries
Vesico-Ureteral Reflux
Pseudomonas Infections
Rhinitis, Allergic, Seasonal
Urination Disorders
Self-Injurious Behavior
Solitary Fibrous Tumors
Lung Injury
Immunoproliferative Disorders
Anaplasia
Pelvic Girdle Pain
Nutrition Disorders
Photophobia
Colles' Fracture
Myositis, Inclusion Body
Vaginal Discharge
Gastrointestinal Diseases
Wet Macular Degeneration
Asthma-Chronic Obstructive Pulmonary Disease Overlap Syndrome
Recurrent Laryngeal Nerve Injuries
Tooth Wear
Rupture
Medial Tibial Stress Syndrome
Frontotemporal Lobar Degeneration
Hyalinosis, Systemic
Esophageal Motility Disorders
Fragile X Syndrome
Choroidal Effusions
Hypoglycemia
Eczema, Dyshidrotic
Conjunctivitis, Viral
Arrhythmia, Sinus
Thrombocytosis
Gastroschisis
Genu Varum
Akinetic Mutism
Metabolic Side Effects of Drugs and Substances
Mucopolysaccharidosis II
Headache Disorders
Adjustment Disorders
Epidural Neoplasms
Onchocerciasis
Cranial Nerve Diseases
Failed Back Surgery Syndrome
Otosclerosis
Toxoplasmosis, Congenital
Solitary Fibrous Tumor, Pleural
Olfaction Disorders
Aneurysm, Infected
Anthrax
Back Pain
Hypernatremia
Henipavirus Infections
Leukodystrophy, Metachromatic
Bilateral Vestibulopathy
Porphyria, Acute Intermittent
Tachycardia, Ventricular
Amphetamine-Related Disorders
Corneal Edema
Thrombosis
Superior Mesenteric Artery Syndrome
Intracranial Arterial Diseases
Hyponatremia
Neoplasms, Mesothelial
Entropion
Learning Disabilities
Meningoencephalitis
Necrosis
Fractures, Avulsion
Syndactyly
Hyperlipoproteinemia Type III
Hemoglobinuria
Scheuermann Disease
Nevi and Melanomas
Exostoses
Endotoxemia
Breast Carcinoma In Situ
Dermatitis, Allergic Contact
Headache
Berylliosis
Diseases in Twins
Food Intolerance
Gastrointestinal Hemorrhage
Erythema
Aneurysm
Focal Dermal Hypoplasia
Mevalonate Kinase Deficiency
Tooth Injuries
Radiation Injuries, Experimental
Keratoconjunctivitis, Infectious
Hypertension, Portal
Scleromyxedema
Aphasia, Conduction
Rectal Prolapse
Extravasation of Diagnostic and Therapeutic Materials
Glycogen Storage Disease Type II
Toxemia
Refsum Disease
Dystonia
Neurocutaneous Syndromes
Facial Dermatoses
Choroid Plexus Neoplasms
Vibrio Infections
Urologic Neoplasms
Xanthogranuloma, Juvenile
Prostatitis
Liver Cirrhosis, Experimental
Schistosomiasis
Agammaglobulinemia
Neoplasms, Ductal, Lobular, and Medullary
Embolism
Amyloidosis, Familial
Metabolism, Inborn Errors
Iritis
Retinal Degeneration
Thoracic Neoplasms
Enthesopathy
Cerebrovascular Disorders
Child Nutrition Disorders
Tourette Syndrome
Catastrophic Illness
Vitamin B 12 Deficiency
Cholecystolithiasis
Cystitis, Interstitial
Nevus, Epithelioid and Spindle Cell
Growth Disorders
Hydrocephalus, Normal Pressure
Retinal Arterial Macroaneurysm
Dysbiosis
Epidermolysis Bullosa
Olfactory Nerve Diseases
Papilloma, Choroid Plexus
Myelodysplastic-Myeloproliferative Diseases
Amputation, Traumatic
Cyclothymic Disorder
Bulimia Nervosa
Mouth Neoplasms
Aortic Coarctation
Leukemia, Lymphoid
Mucopolysaccharidoses
Cholera
Substance-Related Disorders
Vaginitis
Striae Distensae
Cleidocranial Dysplasia
Endodermal Sinus Tumor
Anosmia
Leukoplakia, Oral
Constriction, Pathologic
Intestinal Volvulus
Prenatal Injuries
Drug Overdose
Femoracetabular Impingement
Eosinophilia-Myalgia Syndrome
Intrauterine Device Migration
Pulmonary Blastoma
Onycholysis
Neuromuscular Manifestations
Aphonia
Rectocele
Skull Neoplasms
Cystinosis
Nelson Syndrome
Sarcoidosis
Romano-Ward Syndrome
Polychondritis, Relapsing
Sertoli-Leydig Cell Tumor
Abdominal Injuries
Fetal Death
Eye Abnormalities
Chromosome Aberrations
Cough
Lipodystrophy, Congenital Generalized
Hyperthyroidism
Enchondromatosis
Facial Hemiatrophy
Hepatitis B, Chronic
Carcinoma
Anemia, Sideroblastic
Carcinoma, Acinar Cell
Flavivirus Infections
Tetralogy of Fallot
Hepatitis C
Maxillary Sinus Neoplasms
Emaciation
Pneumocystis Infections
Pain
Dental Pulp Necrosis
Synovial Cyst
Shock, Hemorrhagic
Sweating, Gustatory
Headache Disorders, Primary
Pain Insensitivity, Congenital
Invasive Pulmonary Aspergillosis
Central Nervous System Cysts
Hyper-IgM Immunodeficiency Syndrome, Type 1
Hypovolemia
Nystagmus, Pathologic
Herpes Simplex
Central Nervous System Helminthiasis
Ethmoid Sinusitis
Polyomavirus Infections
Shaken Baby Syndrome
Cholestasis
Anxiety Disorders
Autonomic Nervous System Diseases
Lung Diseases, Parasitic
Ehlers-Danlos Syndrome
Pneumonia, Bacterial
Premature Ejaculation
Crohn Disease
Loeys-Dietz Syndrome
Siderosis
Polymyositis
Hydatidiform Mole
Herpangina
Periapical Granuloma
Neurocytoma
Purpura, Thrombocytopenic
Iridocorneal Endothelial Syndrome
Paraproteinemias
Protozoan Infections
Splenic Infarction
Lymphoma, Large B-Cell, Diffuse
Encephalomyelitis, Autoimmune, Experimental
Otitis Media, Suppurative
Stomach Neoplasms
Attention Deficit Disorder with Hyperactivity
Weil Disease
Biliary Tract Neoplasms
Adenomyoepithelioma
Cholangiocarcinoma
Shoulder Dystocia
Lung Abscess
Syphilis, Congenital
HELLP Syndrome
Choledocholithiasis
Trypanosomiasis, African
Microvascular Rarefaction
Leishmaniasis, Cutaneous
Epilepsy, Partial, Motor
Heart Defects, Congenital
Hypolipoproteinemias
Peripheral Vascular Diseases
Retinal Vein Occlusion
Castleman Disease
Chagas Disease
Blastocystis Infections
Scoliosis
Pregnancy, Interstitial
Radiation Injuries
Angelman Syndrome
Prostatic Intraepithelial Neoplasia
Croup
Trypanosomiasis
Irritable Bowel Syndrome
Premature Birth
Periodontal Attachment Loss
Uterine Cervical Dysplasia
Needlestick Injuries
Spider Bites
Neoplasms, Squamous Cell
Ganglioglioma
Bell Palsy
Proteostasis Deficiencies
Uveal Diseases
Urologic Diseases
Choroiditis
Glycogen Storage Disease Type V
Propionic Acidemia
Laryngismus
Precursor Cell Lymphoblastic Leukemia-Lymphoma
Substance Abuse, Intravenous
Parental Death
Trichomonas Vaginitis
Hypobetalipoproteinemias
Lymphomatoid Granulomatosis
Subcutaneous Emphysema
Trisomy
Arthritis, Experimental
Malformations of Cortical Development, Group I
Pericarditis, Constrictive
Agenesis of Corpus Callosum
Iron Overload
Listeriosis
Sarcopenia
Pituitary ACTH Hypersecretion
Myopathies, Nemaline
Water-Electrolyte Imbalance
Tarlov Cysts
Giant Cell Tumor of Bone
Infertility, Female
Carcinoma, Giant Cell
Basal Ganglia Diseases
Digestive System Fistula
Intestinal Perforation
Overweight
Neoplasms, Gonadal Tissue
Ascorbic Acid Deficiency
Abortion, Habitual
Soft Tissue Infections
Pneumatosis Cystoides Intestinalis
Fractures, Spontaneous
Nodding Syndrome
Capillary Leak Syndrome
Uveitis, Intermediate
Pelvic Infection
Keratosis
Superior Vena Cava Syndrome
Snoring
Hip Dislocation
Kleine-Levin Syndrome
Aortic Valve Stenosis
Adenoma, Pleomorphic
Neuralgia
Ciliary Motility Disorders
Calcinosis
Poxviridae Infections
Dysarthria
Adrenoleukodystrophy
Struma Ovarii
Macular Degeneration
Photosensitivity Disorders
Ophthalmoplegia
Gastritis, Atrophic
Small Fiber Neuropathy
Rhabdoviridae Infections
Wolf-Hirschhorn Syndrome
Neuronal Ceroid-Lipofuscinoses
Paranoid Disorders
Mixed Tumor, Mesodermal
Pneumoperitoneum
Hematuria
Fraser Syndrome
Trigeminal Neuralgia
Pneumonia, Aspiration
Ichthyosis
Orbital Fractures
Pyuria
Pharyngeal Neoplasms
Ventricular Septal Rupture
Pterygium
Diabetic Retinopathy
Angiokeratoma
Hypopharyngeal Neoplasms
Bites, Human
Historical Trauma
Bursitis
Cholestasis, Intrahepatic
Tracheobronchomegaly
Aphasia, Wernicke
Fatty Liver, Alcoholic
Laryngeal Diseases
Trichiasis
Scleritis
Babesiosis
Lecithin Cholesterol Acyltransferase Deficiency
Osteoarthritis, Knee
Abruptio Placentae
Mouth Breathing
Peroxisomal Disorders
Endometrial Hyperplasia
Lupus Nephritis
Neuroleptic Malignant Syndrome
Goldenhar Syndrome
Granulomatosis with Polyangiitis
Bullying
Parasomnias
Hypersensitivity
Psoriasis
Late Onset Disorders
Language Disorders
Pregnancy, Abdominal
Prolidase Deficiency
Nervous System Autoimmune Disease, Experimental
Bone Marrow Neoplasms
Optic Atrophies, Hereditary
Myopia
Congenital Disorders of Glycosylation
Myofibroma
Muscular Dystrophies, Limb-Girdle
Dandruff
Aspergillosis
Incisional Hernia
Cardiomyopathy, Hypertrophic
Hypophosphatemia, Familial
Encephalocele
Multiple Endocrine Neoplasia Type 1
Mesenchymoma
Peripheral Nerve Injuries
Polycystic Kidney, Autosomal Recessive
Trichotillomania
Epilepsy, Absence
AIDS-Related Complex
Malocclusion, Angle Class I
Esotropia
Carotid Stenosis
Chemically-Induced Disorders
Anemia, Dyserythropoietic, Congenital
Genetic Diseases, X-Linked
Atrial Fibrillation
Patellofemoral Pain Syndrome
Pneumonia, Viral
Glycosuria, Renal
Long QT Syndrome
Mood Disorders
Nasopharyngitis
Papilledema
Eye Infections, Viral
Secernentea Infections
Agoraphobia
Latent Infection
Osteitis
Philadelphia Chromosome
Splenic Diseases
Menstruation Disturbances
Giant Cell Tumor of Tendon Sheath
Aortic Aneurysm, Thoracic
Histiocytic Disorders, Malignant
Cardiac Complexes, Premature
Gynecomastia
Diabetic Cardiomyopathies
Pyruvate Carboxylase Deficiency Disease
Exocrine Pancreatic Insufficiency
Illusions
Cat-Scratch Disease
Infarction, Middle Cerebral Artery
Enterocolitis, Neutropenic
Intracranial Embolism
Uveal Neoplasms
Chondrodysplasia Punctata, Rhizomelic
Tendon Injuries
Tooth Ankylosis
Acne Conglobata
Disease Attributes
Peritoneal Fibrosis
Adenocarcinoma in Situ
Common Bile Duct Diseases
Kidney Calculi
Malaria, Cerebral
Hemolysis
Fructose-1,6-Diphosphatase Deficiency
Glycogen Storage Disease Type III
Hemoglobin C Disease
Bone Diseases, Endocrine
Lupus Erythematosus, Systemic
Scimitar Syndrome
Cytomegalovirus Infections
Temporomandibular Joint Dysfunction Syndrome
Respiratory Hypersensitivity
Brief, Resolved, Unexplained Event
Polycystic Ovary Syndrome
Dry Eye Syndromes
Preleukemia
Tooth Erosion
Arthrogryposis
Fallopian Tube Diseases
Hemorrhagic Stroke
Pancoast Syndrome
Flail Chest
Tuberculosis, Lymph Node
Heart Valve Diseases
Cold Injury
Peanut Hypersensitivity
Morphine Dependence
Childhood-Onset Fluency Disorder
Guillain-Barre Syndrome
Spotted Fever Group Rickettsiosis
Uveomeningoencephalitic Syndrome
Bronchiolitis, Viral
Skin Diseases, Parasitic
Salmonella Infections
Coinfection
Carcinosarcoma
Cardiotoxicity
Hernia, Hiatal
Colonic Diseases, Functional
Polyendocrinopathies, Autoimmune
Dyskinesias
Leukemia-Lymphoma, Adult T-Cell
Encephalitis, Herpes Simplex
Ophthalmoplegia, Chronic Progressive External
Retinoschisis
Neoplasms, Neuroepithelial
Nevus of Ota
Ancylostomiasis
Dyslexia, Acquired
Leptospirosis
Arnold-Chiari Malformation
Pulmonary Atresia
Retinal Hemorrhage
Pleural Neoplasms
Chemotherapy-Related Cognitive Impairment
Burkitt Lymphoma
Fluoride Poisoning
Phenylketonurias
Hearing Loss
Thoracic Diseases
Transfusion Reaction
Dermatofibrosarcoma
Impetigo
Infant Nutrition Disorders
Muscular Dystrophy, Facioscapulohumeral
Uniparental Disomy
Tics
Plagiocephaly
Anemia, Hemolytic, Congenital Nonspherocytic
Organophosphate Poisoning
Xanthomatosis
Laryngitis
Radial Neuropathy
Quadriplegia
Delirium
Central Nervous System Parasitic Infections
Enoplida Infections
Disease
Angiolipoma
Botulism
Post-Concussion Syndrome
Neoplasms, Glandular and Epithelial
Adenosarcoma
Myofibromatosis
Pregnancy, Ectopic
Dystocia
Tachycardia, Atrioventricular Nodal Reentry
Cystinuria
Ventilator-Induced Lung Injury
Tooth Diseases
Feminization
Cauda Equina Syndrome
Amino Acid Transport Disorders, Inborn
Presbyopia
Dwarfism
Haemophilus Infections
Mycoses
Holoprosencephaly
Decompression Sickness
Smoke Inhalation Injury
Aggressive Periodontitis
Protozoan Infections, Animal
Sialic Acid Storage Disease
Pregnancy in Diabetics
Chondrocalcinosis
Adenoma, Villous
Shared Paranoid Disorder
Immunoglobulin Light-chain Amyloidosis
Tarsal Tunnel Syndrome
Cardiovascular Diseases
Obsessive Behavior
Mucopolysaccharidosis IV
Brain Damage, Chronic
Inhalant Abuse
Lupus Vasculitis, Central Nervous System
Folliculitis
Enterocolitis
Orbital Cellulitis
Anticholinergic Syndrome
Kwashiorkor
Acute-On-Chronic Liver Failure
Somnambulism
Menopause, Premature
Burning Mouth Syndrome
AIDS Dementia Complex
Musculoskeletal Abnormalities
Myocarditis
Lymphatic Abnormalities
Tay-Sachs Disease, AB Variant
Diverticulitis
Bronchopulmonary Dysplasia
Inert Gas Narcosis
Megalencephaly
Purpura Fulminans
Fibromatosis, Abdominal
Mast-Cell Sarcoma
HIV Infections
Polyps
Tonsillitis
Spinal Cord Diseases
Ecchymosis
Dysgammaglobulinemia
Polyradiculoneuropathy, Chronic Inflammatory Demyelinating
Neisseriaceae Infections
Bulbo-Spinal Atrophy, X-Linked
Prenatal Exposure Delayed Effects
Hemothorax
Skin Diseases, Genetic
Respiratory Distress Syndrome
Neoplasms by Histologic Type
Vulvodynia
Ependymoma
Gastroesophageal Reflux
Antisocial Personality Disorder
Hydrophthalmos
Amnesia, Transient Global
Dyspepsia
Corneal Injuries
Hyperthermia
Orbital Pseudotumor
Digestive System Abnormalities
Bulimia
Thrombocytopenia, Neonatal Alloimmune
Waardenburg Syndrome
Fibroma
Vipoma
Mental Retardation, X-Linked
Pneumonia, Necrotizing
Carcinoma, Mucoepidermoid
Acrocephalosyndactylia
Asperger Syndrome
Myotoxicity
Binge Drinking
Oliguria
Pulmonary Eosinophilia
Vertebral Artery Dissection
Adenomatous Polyposis Coli
Wrist Injuries
Trauma, Nervous System
Pseudomyxoma Peritonei
Muscular Diseases
Hip Injuries
Onchocerciasis, Ocular
Schizotypal Personality Disorder
Giant Cell Arteritis
Mediastinal Diseases
Gastric Fistula
Carcinoma, Intraductal, Noninfiltrating
Thoracic Injuries
Carbuncle
Paronychia
Condylomata Acuminata
Hypergammaglobulinemia
Sandhoff Disease
Epilepsia Partialis Continua
Histiocytosis, Langerhans-Cell
Labyrinthitis
Rhinitis
Osteoarthritis
Pruritus Ani
Convalescence
Pregnancy Complications, Neoplastic
Foot Deformities, Congenital
Lymphoma, T-Cell
Self Mutilation
Fatigue
REM Sleep Behavior Disorder
Burns
Coagulation Protein Disorders
Gangrene
Wasting Disease, Chronic
Esophageal Achalasia
Uterine Rupture
Vasospasm, Intracranial
Hypertelorism
Leukoplakia
Alcohol Amnestic Disorder
Chemotherapy-Induced Febrile Neutropenia
Malingering
Earache
Sex Chromosome Disorders
Urachal Cyst
Oral Fistula
Rhinoscleroma
Meningitis, Pneumococcal
Carcinoma, Renal Cell
Keratitis, Herpetic
Ventricular Flutter
Fracture Dislocation
Propofol Infusion Syndrome
Tachycardia, Sinus
Obesity, Morbid
Halitosis
Thyroiditis
Catatonia
Syncope, Vasovagal
Mixed Connective Tissue Disease
Anencephaly
Infertility
Otitis
Female Athlete Triad Syndrome
Melanoma, Experimental
Myopathies, Structural, Congenital
Vitamin K Deficiency
Forearm Injuries
Fluorosis, Dental
Cystadenoma, Serous
Glycogen Storage Disease Type VII
Meningitis
Familial Exudative Vitreoretinopathies
Schizophrenia, Disorganized
Pudendal Neuralgia
Amyotrophic Lateral Sclerosis
Rosacea
Stomach Ulcer
Holocarboxylase Synthetase Deficiency
Hypoprothrombinemias
Seminoma
Thyroiditis, Subacute
Anterior Cruciate Ligament Injuries
Occupational Stress
Brain Infarction
Myokymia
Ear Neoplasms
Pseudotumor Cerebri
Developmental Disabilities
Neovascularization, Pathologic
Respiration Disorders
Hernia
Togaviridae Infections
Tooth, Impacted
Acinetobacter Infections
Venous Insufficiency
Histiocytic Sarcoma
Colitis, Lymphocytic
Priapism
Transposition of Great Vessels
Giardiasis
Gardner Syndrome
Leriche Syndrome
Carcinoma, Adenoid Cystic
Factor V Deficiency
Hypoventilation
Appendicitis
Retinopathy of Prematurity
Lichen Planus
Prader-Willi Syndrome
Neurodermatitis
Sweet Syndrome
Pathologic Processes
Seasonal Affective Disorder
Celiac Disease
Dental Fissures
Odontogenic Cysts
Biliary Atresia
Hamman-Rich Syndrome
Proteus Infections
Dyslipidemias
Respiratory Tract Fistula
Fecal Incontinence
Abortion, Incomplete
Splenomegaly
Charcot-Marie-Tooth Disease
Torsades de Pointes
Gram-Positive Bacterial Infections
Still's Disease, Adult-Onset
Iris Neoplasms
Community-Acquired Infections
Hypospadias
Neoplasms, Vascular Tissue
Aberrant Crypt Foci
Compulsive Exercise
Schizophrenia, Catatonic
Acidosis, Renal Tubular
Hemorrhagic Fever, Ebola
Chromosome Disorders
Cockayne Syndrome
Aicardi Syndrome
Drug-Related Side Effects and Adverse Reactions
Nevus, Sebaceous of Jadassohn
Esophageal Neoplasms
Spinal Osteochondrosis
Anticipation, Genetic
Lacrimal Apparatus Diseases
Stress Disorders, Post-Traumatic
Anemia, Hemolytic
Developmental Dysplasia of the Hip
Aortic Aneurysm
Hearing Loss, Noise-Induced
Alcoholic Neuropathy
Diabetes Mellitus
Carcinoma, Ovarian Epithelial
Enterocolitis, Pseudomembranous
Muir-Torre Syndrome
Uterine Prolapse
Acne Keloid
Neck Pain
Blood Coagulation Disorders
Actinomycetales Infections
Arachnodactyly
Waterborne Diseases
Bacterial Infections and Mycoses
Cardiomyopathy, Alcoholic
Oroantral Fistula
Mandibular Neoplasms
Cellulitis
Parathyroid Neoplasms
Neurobehavioral Manifestations
Vitreoretinopathy, Proliferative
Composite Lymphoma
Pigmentation Disorders
Huntington Disease
Neurosyphilis
Methemoglobinemia
Disorders of Sex Development
Dengue
Cocaine-Related Disorders
Pentalogy of Cantrell
Wheat Hypersensitivity
Borrelia Infections
Wounds and Injuries
Pruritus
Chlamydia Infections
Movement Disorders
Otitis Externa
Colitis, Collagenous
Heart Failure
Adenoma, Sweat Gland
Premenstrual Syndrome
Cubital Tunnel Syndrome
Mucositis
Gas Poisoning
Fetal Macrosomia
Rhabdomyosarcoma
Asphyxia Neonatorum
Hemorrhage
Tracheal Neoplasms
Schistosomiasis haematobia
Liver Abscess
Myoepithelioma
Cellulite
Leprosy, Multibacillary
Monkeypox
Cell Transformation, Neoplastic
Graves Ophthalmopathy
Motor Disorders
Laminopathies
Aspartylglucosaminuria
Sinus Thrombosis, Intracranial
Niemann-Pick Disease, Type C
Spermatocele
Cardiac Tamponade
Glucosephosphate Dehydrogenase Deficiency
Tendinopathy
Hypertension, Pulmonary
Bone Marrow Diseases
Catheter-Related Infections
Nail Diseases
Conjunctivitis
Conduct Disorder
Abortion, Septic
Hyperferritinemia
Colorectal Neoplasms, Hereditary Nonpolyposis
Immunologic Deficiency Syndromes
Carbon Monoxide Poisoning
Arthritis, Gouty
Neoplasms, Hormone-Dependent
Dentin, Secondary
Tongue Diseases
Retinitis
Picornaviridae Infections
Spinal Injuries
Optic Atrophy, Autosomal Dominant
Pulmonary Valve Insufficiency
Cysts
Trigeminal Nerve Diseases
Cataplexy
Osteoarthropathy, Primary Hypertrophic
Diabetes Insipidus, Neurogenic
ST Elevation Myocardial Infarction
Ileus
Emergence Delirium
Eosinophilia
Nasal Obstruction
HTLV-I Infections
Nose Diseases
Lipomatosis
Chlamydiaceae Infections
Abducens Nerve Diseases
Raynaud Disease
Esophageal Fistula
Anaphylaxis
Lipoma
Typhus, Epidemic Louse-Borne
Heart Valve Prolapse
Sweat Gland Neoplasms
Porencephaly
Arcus Senilis
Intracranial Arteriosclerosis
Periarthritis
Hyperlactatemia
Ductus Arteriosus, Patent
End Stage Liver Disease
Lichen Sclerosus et Atrophicus
Central Nervous System Fungal Infections
Meningitis, Fungal
Heart Septal Defects, Ventricular
Sialorrhea
Seizures, Febrile
Salivary Gland Diseases
Mixed Tumor, Mullerian
Osteoma, Osteoid
Oropharyngeal Neoplasms
Orbital Neoplasms
Gallstones
Galactorrhea
Epilepsies, Partial
Typhus, Endemic Flea-Borne
Precancerous Conditions
Intraoperative Awareness
Ophthalmia Neonatorum
Diaper Rash
Cerebral Infarction
Pancreatitis, Graft
Leukoaraiosis
Surgical Wound Infection
Esophagitis
Oligospermia
Reflex Sympathetic Dystrophy
Nuchal Cord
Epidermolysis Bullosa Acquisita
Pain, Procedural
Gliosarcoma
Hallux Limitus
Corneal Neovascularization
Frontal Sinusitis
Gigantism
Granuloma, Laryngeal
Cross Infection
Dyslexia
Solitary Kidney
Neuritis
Peritonitis
Nose Deformities, Acquired
Sprue, Tropical
Fusobacterium Infections
Presbycusis
Placenta Diseases
Edema, Cardiac
Sleep Bruxism
Eye Pain
Akathisia, Drug-Induced
Environmental Illness
Dermatitis, Seborrheic
Urea Cycle Disorders, Inborn
Acidosis
Neoplasms, Muscle Tissue
Glucose Metabolism Disorders
Leukemia, Basophilic, Acute
Choroid Hemorrhage
Optic Nerve Diseases
Cardiovascular Abnormalities
Fuchs' Endothelial Dystrophy
Pneumonia, Ventilator-Associated
Heart Failure, Diastolic
Hypercalciuria
Common Variable Immunodeficiency
Zenker Diverticulum
Asthenozoospermia
Vulvar Lichen Sclerosus
Somatosensory Disorders
Angiofibroma
Lupus Erythematosus, Discoid
Neoplasms, Basal Cell
Thalassemia
Pancreatic Neoplasms
Exotropia
Fallopian Tube Neoplasms
Dacryocystitis
Skull Base Neoplasms
Heterotaxy Syndrome
Liver Diseases, Alcoholic
Reinfection
Coronary Artery Disease
Hypophosphatemia
Chorea
Coccidioidomycosis
Humeral Fractures
Exostoses, Multiple Hereditary
Avitaminosis
Mycotoxicosis
Masked Hypertension
Rhinitis, Atrophic
Furcation Defects
Creutzfeldt-Jakob Syndrome
Agranulocytosis
Diurnal Enuresis
Bone Diseases, Metabolic
Visceral Prolapse
Vitreous Detachment
Chondrosarcoma
Androgen-Insensitivity Syndrome
Perceptual Disorders
Brain Stem Infarctions
Meige Syndrome
Carbohydrate Metabolism, Inborn Errors
Leg Length Inequality
Polycythemia
Trigger Finger Disorder
Hermanski-Pudlak Syndrome
Neonatal Sepsis
Reperfusion Injury
Neurodegenerative Diseases
Alstrom Syndrome
Pemphigus
Monckeberg Medial Calcific Sclerosis
Fractures, Multiple
Bronchitis
Blast Injuries
Hyperalgesia
Compulsive Behavior
Reoviridae Infections
Hypertensive Retinopathy
Jaw, Edentulous
Hyperargininemia
Glomerulonephritis
Abdominal Pain
Intra-Articular Fractures
Urinary Bladder Neck Obstruction
Rift Valley Fever
Fibrous Dysplasia of Bone
Dilatation, Pathologic
Gingival Recession
Overnutrition
Yang Deficiency
Prostatism
Anorectal Malformations
Myringosclerosis
Pulmonary Infarction
Morbillivirus Infections
Adrenocortical Carcinoma
Coxsackievirus Infections
Wasting Syndrome
Carcinoma, Papillary
Child Development Disorders, Pervasive
Retinal Diseases
Pseudoxanthoma Elasticum
Orofaciodigital Syndromes
Intracranial Embolism and Thrombosis
Retinal Telangiectasis
Neglected Diseases
Lens Subluxation
Adenocarcinoma, Papillary
Critical Illness
Toxoplasmosis, Ocular
Relapsing Fever
Pregnancy, Ovarian
Tooth Resorption
Filariasis
Myopathy, Central Core
Granular Cell Tumor
Glioma, Subependymal
Leukemia, Biphenotypic, Acute
Healthcare-Associated Pneumonia
Lactation Disorders
Alphavirus Infections
Carcinoma, Ductal, Breast
Pedophilia
Fibroadenoma
Placenta Accreta
Ataxia Telangiectasia
Subarachnoid Hemorrhage, Traumatic
Tenosynovitis
Vaginal Diseases
Subdural Effusion
Heavy Metal Poisoning, Nervous System
Parotitis
Chromosome Duplication
Esophageal Diseases
Skin Diseases, Metabolic
Hallux Varus
Ornithine Carbamoyltransferase Deficiency Disease
Deltaretrovirus Infections
Scleroderma, Localized
Multiple Trauma
Down Syndrome
Susac Syndrome
Nevus, Blue
Tachycardia, Supraventricular
Abnormal Karyotype
Diverticular Diseases
Dementia, Multi-Infarct
Ankle Fractures
Herpes Zoster Oticus
Coronaviridae Infections
Ulnar Nerve Compression Syndromes
Candidiasis
Shellfish Hypersensitivity
Sudden Infant Death
Angiomyolipoma
Scabies
Suppuration
Sexually Transmitted Diseases, Bacterial
Kernicterus
Myasthenia Gravis, Neonatal
Pleuropneumonia
Carcinoma, Basosquamous
Angina, Unstable
Feeding and Eating Disorders of Childhood
Otomycosis
Tinea Capitis
Tetany
Craniomandibular Disorders
Oculocerebrorenal Syndrome
Hypercapnia
Sexually Transmitted Diseases
Cystocele
Pseudolymphoma
Spondylarthropathies
Fever of Unknown Origin
Hemangioma
Anemia, Refractory, with Excess of Blasts
Papilloma, Intraductal
Auditory Perceptual Disorders
Neurofibroma
Hereditary Central Nervous System Demyelinating Diseases
Constipation
Vagus Nerve Injuries
Obstetric Labor, Premature
Pemphigoid, Bullous
Chronic Pain
Mammary Neoplasms, Animal
Hepatitis, Viral, Animal
Recurrence
Inflammatory Bowel Diseases
Aneurysm, False
Osteosclerosis
Intracranial Hemorrhage, Traumatic
Urinary Tract Infections
Fibrosis
Herpesviridae Infections
Piebaldism
Hemolytic-Uremic Syndrome
Intestinal Diseases
Water Intoxication
Intestinal Neoplasms
Liver Cirrhosis, Biliary
Adenoma, Oxyphilic
Systemic Inflammatory Response Syndrome
Amino Acid Metabolism, Inborn Errors
Dentinogenesis Imperfecta
Hyperammonemia
Postpoliomyelitis Syndrome
Hemopneumothorax
Craniopharyngioma
Asthma
Vasa Previa
Disorders of Environmental Origin
Neointima
Bankart Lesions
Lens Diseases
Zoonoses
Pulmonary Disease, Chronic Obstructive
Encopresis
Nystagmus, Congenital
Otorhinolaryngologic Diseases
Tympanic Membrane Perforation
Sweat Gland Diseases
Blood Platelet Disorders
Lordosis
Hyperostosis
Von Hippel-Lindau Disease
Mucormycosis
Kearns-Sayre Syndrome
Hypersensitivity, Delayed
Pneumonia, Pneumococcal
Fetal Diseases
Krukenberg Tumor
Superinfection
IgG Deficiency
Myotonic Disorders
Antithrombin III Deficiency
Carcinoma, Neuroendocrine
Ciguatera Poisoning
Adenofibroma
Non-alcoholic Fatty Liver Disease
Jaw Cysts
Plasma Cell Granuloma, Pulmonary
Stroke
Carcinoid Tumor
Subarachnoid Hemorrhage
Vitiligo
Cystitis
Breast Cyst
22q11 Deletion Syndrome
Stiff-Person Syndrome
Charles Bonnet Syndrome
Genital Neoplasms, Male
Meningomyelocele
Hip Fractures
Illness Behavior
Tracheal Stenosis
Gestational Trophoblastic Disease
Yin Deficiency
Atypical Squamous Cells of the Cervix
Sphingolipidoses
Flaviviridae Infections
DNA Repair-Deficiency Disorders
Osteitis Deformans
Pulmonary Aspergillosis
Ossification of Posterior Longitudinal Ligament
Strabismus
LEOPARD Syndrome
Spinal Muscular Atrophies of Childhood
Elbow Tendinopathy
Peritonsillar Abscess
Fractures, Ununited
Pneumonia, Staphylococcal
Porphyria, Variegate
Carotid Artery Diseases
Anemia, Macrocytic
Dental Enamel Hypoplasia
Stevens-Johnson Syndrome
Dentofacial Deformities
Heart Injuries
Corneal Perforation
Puerperal Infection
Bloom Syndrome
Wounds, Gunshot
Hand-Arm Vibration Syndrome
Cutis Laxa
Retropharyngeal Abscess
Werner Syndrome
Silicosis
Vitamin A Deficiency
Multicystic Dysplastic Kidney
Adenovirus Infections, Human
Joint Dislocations
Sepsis
Agraphia
Sleep-Wake Transition Disorders
Hypothalamic Diseases
Respiratory Sounds
Prostatic Diseases
Basal Cell Nevus Syndrome
Uterine Diseases
Lung Neoplasms
Clinical Deterioration
Dendritic Cell Sarcoma, Follicular
Vasculitis, Central Nervous System
Hemarthrosis
Mucinoses
Pica
Von Willebrand Diseases
Vulvar Diseases
Sleep Paralysis
Filoviridae Infections
Renal Artery Obstruction
Ocular Hypotension
Intraocular Lymphoma
Craniofacial Fibrous Dysplasia
Granuloma Annulare
Tuberculosis, Pulmonary
Neutropenia
Soft Tissue Injuries
Infarction, Anterior Cerebral Artery
Citrullinemia
Radiation Pneumonitis
Orthomyxoviridae Infections
Leishmaniasis
Morton Neuroma
Neoplasms, Second Primary
Adams-Stokes Syndrome
Cystic Fibrosis
Riboflavin Deficiency
Pancreatic Pseudocyst
Hearing Loss, Sudden
Disruptive, Impulse Control, and Conduct Disorders
Leukocytosis
Porokeratosis
Tobacco Use Disorder
Pseudopseudohypoparathyroidism
Endometrial Neoplasms
Sialadenitis
Hemoglobinuria, Paroxysmal
Pregnancy, Cornual
Speech Disorders
Hyperphagia
Medulloblastoma
Intestinal Pseudo-Obstruction
Acro-Osteolysis
Birdshot Chorioretinopathy
Leukoencephalopathy, Progressive Multifocal
Pelvic Pain
Sleep Arousal Disorders
Bone Cysts, Aneurysmal
Hyperpituitarism
Ebstein Anomaly
REM Sleep Parasomnias
Neurofibroma, Plexiform
Hutchinson's Melanotic Freckle
Primary Myelofibrosis
Fetal Weight
Pancytopenia
Endophthalmitis
Pericarditis, Tuberculous
Chondroblastoma
Nut Hypersensitivity
Carcinoma, Basal Cell
Favism
Infections
Hyper-IgM Immunodeficiency Syndrome
Cyberbullying
Hemoglobinopathies
Infant, Premature, Diseases
Arthralgia
Inflammation
Hantavirus Pulmonary Syndrome
Chronic Urticaria
Paratyphoid Fever
Yellow Fever
Dientamoebiasis
Blind Loop Syndrome
Cryoglobulinemia
Acanthosis Nigricans
Crystal Arthropathies
Penile Neoplasms
Anisocoria
Hyperacusis
Histiocytosis, Non-Langerhans-Cell
Kidney Diseases
Giant Cell Tumors
Contusions
Sarcoma, Ewing
Retinal Necrosis Syndrome, Acute
Cryptorchidism
Cardiomyopathy, Dilated
Vitelliform Macular Dystrophy
Alzheimer Disease
Adenoma, Bile Duct
Optic Atrophy, Hereditary, Leber
Sagittal Sinus Thrombosis
CADASIL
Internal Hernia
Hematoma
Lentigo
Arthritis
Neoplasms, Radiation-Induced
Elephantiasis, Filarial
Carcinogenesis
Paralysis, Obstetric
Carcinoma, Ductal
Nasopharyngeal Diseases
Disorder of Sex Development, 46,XY
Corneal Diseases
Newcastle Disease
Arteriosclerosis
Cataract
Adenocarcinoma, Follicular
Hypertension, Malignant
Exhibitionism
Silver-Russell Syndrome
Drug Hypersensitivity
Aphakia, Postcataract
Shellfish Poisoning
Hyperlipidemia, Familial Combined
Basal Ganglia Hemorrhage
Carney Complex
Embolic Stroke
Zika Virus Infection
Elliptocytosis, Hereditary
Hypoalphalipoproteinemias
Mobius Syndrome
Dysentery, Bacillary
Inappropriate ADH Syndrome
Acrodermatitis
Epistaxis
Uterine Hemorrhage
Cerebral Ventriculitis
Pelvic Organ Prolapse
Osteomyelitis
Scleroderma, Diffuse
Chromosomal Instability
Cobblestone Lissencephaly
Vesicovaginal Fistula
Pars Planitis
Diastema
Bacterial Infections
Gonadal Disorders
Mononeuropathies
Carcinoma, Embryonal
Gangliosidosis, GM1
Pityriasis
Pure Autonomic Failure
Neoplasms, Plasma Cell
Jervell-Lange Nielsen Syndrome
Leukemia, Prolymphocytic, T-Cell
Multiple Pulmonary Nodules
Anhedonia
Leprosy, Lepromatous
Xeroderma Pigmentosum
Psychological Trauma
Varicose Ulcer
Iatrogenic Disease
Lymphoma, AIDS-Related
Hypothyroidism
Prostatic Neoplasms
Genetic Predisposition to Disease
Failure to Thrive
Food Addiction
Gastrointestinal Stromal Tumors
Lice Infestations
Intracranial Hemorrhage, Hypertensive
Pasteurellaceae Infections
Phlebitis
Angina Pectoris, Variant
Hyaline Membrane Disease
Pain, Referred
Trematode Infections
Urolithiasis
Adenoma, Liver Cell
Acalculous Cholecystitis
Tooth Discoloration
Personality Disorders
Lacrimal Duct Obstruction
Bone Cysts
Ventricular Dysfunction
Paralysis, Hyperkalemic Periodic
Pelizaeus-Merzbacher Disease
Sarcoidosis, Pulmonary
Head Injuries, Closed
Tooth Migration
Spermatic Cord Torsion
Night Blindness
Financial Stress
Oligodendroglioma
Cholestasis, Extrahepatic
Lymphatic Diseases
Nephroma, Mesoblastic
Xerophthalmia
Smallpox
Diabetic Neuropathies
Chondrosarcoma, Clear Cell
Zygomycosis
Legionnaires' Disease
Paratuberculosis
Coronary Stenosis
Nocardia Infections
Beriberi
Epiphyses, Slipped
Hand Dermatoses
Adenoviridae Infections
Brain Injury, Chronic
Linitis Plastica
Anti-Glomerular Basement Membrane Disease
Tinea cruris
Hypophosphatasia
Biliary Fistula
Elimination Disorders
Hodgkin Disease
Common Bile Duct Neoplasms
Carcinoma, Signet Ring Cell
Hemobilia
Paget Disease, Extramammary
Mononegavirales Infections
Lymphoproliferative Disorders
Ganglion Cysts
Duodenogastric Reflux
Hernia, Umbilical
Lewy Body Disease
Dermatitis, Contact
Birth Weight
Stenosis, Pulmonary Artery
Color Vision Defects
Stomatitis, Aphthous
Ascariasis
Patellar Dislocation
Postgastrectomy Syndromes
Spondylitis
Colonic Pseudo-Obstruction
Skin Ulcer
Rickettsiaceae Infections
Hematemesis
Spinal Osteophytosis
Skin Diseases, Papulosquamous
Genu Valgum
Pseudophakia
Nose Neoplasms
Neoplasms, Germ Cell and Embryonal
Mandibular Diseases
Carcinoma, Merkel Cell
Dermatomyositis
Syncope
Hemangioma, Cavernous, Central Nervous System
Benign Paroxysmal Positional Vertigo
Chronic Disease
Spasms, Infantile
Hyperkeratosis, Epidermolytic
Pancreatitis, Acute Necrotizing
Adrenogenital Syndrome
Connective Tissue Diseases
Myoglobinuria
Anastomotic Leak
Exfoliation Syndrome
Inflammatory Breast Neoplasms
Purine-Pyrimidine Metabolism, Inborn Errors
Myotonia Congenita
Histiocytoma, Benign Fibrous
Pancreatitis, Chronic
Hypertriglyceridemic Waist
Cystadenocarcinoma, Serous
Cryopyrin-Associated Periodic Syndromes
Lead Poisoning
Azoospermia
Nerve Compression Syndromes
Brain Edema
Focal Infection
Altitude Sickness
Tremor
Parovarian Cyst
Menkes Kinky Hair Syndrome
Glycogen Storage Disease
Prostatic Hyperplasia
Neurotic Disorders
Alkalosis, Respiratory
Glioma
Xanthomatosis, Cerebrotendinous
Polymicrogyria
Osteochondritis Dissecans
Short Bowel Syndrome
Atrial Premature Complexes
Granuloma, Foreign-Body
Autoimmune Pancreatitis
Blindness, Cortical
Myoma
Spondylarthritis
Laryngomalacia
Ossification, Heterotopic
Esophageal Stenosis
Periprosthetic Fractures
Factor X Deficiency
Acidosis, Lactic
Lymphoma, Primary Cutaneous Anaplastic Large Cell
Hearing Loss, Unilateral
Tetanus
Walker-Warburg Syndrome
Acquired Immunodeficiency Syndrome
Anemia, Aplastic
Pyonephrosis
Egg Hypersensitivity
Kidney Failure, Chronic
Hyperesthesia
Intracranial Thrombosis
White Dot Syndromes
RNA Virus Infections
Flank Pain
Leukopenia
Lyme Neuroborreliosis
Nesidioblastosis
Embolism, Cholesterol
Pyelonephritis
Infectious Mononucleosis
Pulmonary Edema
Amnesia
Lesch-Nyhan Syndrome
Supranuclear Palsy, Progressive
Glucose Intolerance
Chronic Periodontitis
Sexual Dysfunctions, Psychological
Leiomyosarcoma
Yersinia pseudotuberculosis Infections
Locked-In Syndrome
Eczema
Encephalomalacia
Jaundice, Neonatal
Carbamoyl-Phosphate Synthase I Deficiency Disease
Hernia, Inguinal
Status Epilepticus
Moyamoya Disease
Facial Asymmetry
Adenolymphoma
Pancreatic Fistula
Diabetic Angiopathies
Bezoars
Monosomy
Carcinoma in Situ
Malabsorption Syndromes
Tongue Neoplasms
Osteomalacia
Rothmund-Thomson Syndrome
Carcinoma, Endometrioid
Glaucoma
Foot Deformities, Acquired
Apnea
Korsakoff Syndrome
Scalp Dermatoses
Vaccinia
Endocrine System Diseases
Postthrombotic Syndrome
Cerebral Hemorrhage
Colonic Polyps
Suicidal Ideation
Truncus Arteriosus, Persistent
Microscopic Polyangiitis
Euglenozoa Infections
Adenocarcinoma
Death, Sudden
Urinary Incontinence
Abnormalities, Radiation-Induced
Liver Neoplasms
Neurofibromatosis 1
Synucleinopathies
Acidosis, Respiratory
Muscle Hypertonia
Von Willebrand Disease, Type 3
Hidradenitis
Blood Coagulation Disorders, Inherited
Epilepsy, Benign Neonatal
Anemia
Rhabdomyolysis
Brenner Tumor
Burns, Inhalation
Central Nervous System Bacterial Infections
Malocclusion, Angle Class II
Stomach Diseases
Gas Gangrene
Leg Injuries
Vascular Ring
Intellectual Disability
Porphyria Cutanea Tarda
Aneurysm, Dissecting
Vasculitis
Sertoli Cell Tumor
Rickettsia Infections
Dementia, Vascular
Firesetting Behavior
Joint Loose Bodies
Lymphocytosis
Hypocalcemia
Calculi
Hyperparathyroidism
Solitary Pulmonary Nodule
Sezary Syndrome
Phantom Limb
Invasive Fungal Infections
Lymphoma, T-Cell, Peripheral
Homocystinuria
Anaplasmosis
Sebaceous Gland Diseases
Neoplasms, Bone Tissue
Onychomycosis
Alcohol Drinking
Long Term Adverse Effects
Neurofibromatosis 2
Myositis
Hemangiosarcoma
Staphylococcal Skin Infections
Toxocariasis
Mastocytosis, Systemic
Cardiac Output, High
Mannosidase Deficiency Diseases
Mitral Valve Prolapse
Neoplasm, Residual
Liver Failure
Upper Extremity Deformities, Congenital
Tachycardia, Ectopic Junctional
Hemorrhagic Fever with Renal Syndrome
Osteoarthropathy, Secondary Hypertrophic
Kidney Diseases, Cystic
Hemorrhagic Fevers, Viral
Neoplasms, Complex and Mixed
Chemical and Drug Induced Liver Injury
Weight Loss
Symptom Flare Up
Chikungunya Fever
Diabetes, Gestational
Mycoplasmatales Infections
Dehydration
Hypoproteinemia
Asthma, Exercise-Induced
Menorrhagia
Schizophrenia
Lichen Planus, Oral
Dental Deposits
Teratogenesis
Neuroaxonal Dystrophies
CHARGE Syndrome
Trauma and Stressor Related Disorders
Brain Injuries
Dysthymic Disorder
Central Nervous System Neoplasms
Postoperative Complications
Myocardial Reperfusion Injury
Arthritis, Reactive
Pyelitis
Hyperlipoproteinemia Type II
Ataxia
Eccrine Porocarcinoma
Parotid Neoplasms
Chondroma
Costello Syndrome
Crush Syndrome
Myocardial Infarction
Dysuria
Hemospermia
Coma, Post-Head Injury
Adenoma, Acidophil
Pantothenate Kinase-Associated Neurodegeneration
Goiter, Nodular
Hyperbilirubinemia, Hereditary
Klippel-Trenaunay-Weber Syndrome
Jacobsen Distal 11q Deletion Syndrome
Metrorrhagia
Rubulavirus Infections
Angina, Stable
Streptococcal Infections
Vein of Galen Malformations
Surgical Wound Dehiscence
Cementoma
Sacroiliitis
Alagille Syndrome
Bronchiolitis Obliterans
Torsion Abnormality
Venous Thrombosis
Nondisjunction, Genetic
Nevus, Spindle Cell
Orbital Diseases
Undifferentiated Connective Tissue Diseases
Rheumatic Fever
Post-Lyme Disease Syndrome
Pancreatitis, Alcoholic
Vestibulocochlear Nerve Diseases
Severe Dengue
Shy-Drager Syndrome
Ankle Injuries
Periapical Abscess
Cavernous Sinus Thrombosis
Pituitary Neoplasms
Galactosemias
Erythroplasia
Hearing Loss, Bilateral
Trigeminal Autonomic Cephalalgias
Renal Aminoacidurias
Intracranial Arteriovenous Malformations
Diabetic Nephropathies
HIV Seropositivity
Stupor
Postcholecystectomy Syndrome
Arteriovenous Fistula
Tuberculosis, Renal
Anaplasmataceae Infections
Hallucinations
Hyperandrogenism
Graft Occlusion, Vascular
Sarcoma, Kaposi
Stomatognathic Diseases
Asthenia
Wolman Disease
Arteriosclerosis Obliterans
Colitis, Ischemic
Tracheomalacia
Carcinoma, Transitional Cell
Cystadenoma, Mucinous
Epispadias
Swayback
Kasabach-Merritt Syndrome
Ectopia Lentis
Obesity
Clostridium Infections
Ureteral Obstruction
Genomic Instability
Hepadnaviridae Infections
Ascaridiasis
Semicircular Canal Dehiscence
Aortitis
Niemann-Pick Disease, Type B
Hypoxia, Brain
Brown-Sequard Syndrome
Leukodystrophy, Globoid Cell
Periapical Periodontitis
Limb Deformities, Congenital
Tricuspid Valve Insufficiency
Microcephaly
Urinary Bladder, Neurogenic
Gallbladder Neoplasms
Mucopolysaccharidosis VII
Abnormalities, Drug-Induced
Abnormalities, Multiple
Schizophrenia, Paranoid
Glomerulonephritis, Membranoproliferative
Mutism
Sleepiness
Skin Manifestations
Hookworm Infections
Thrombotic Stroke
Corneal Dystrophies, Hereditary
Brain Contusion
Leukemia, Prolymphocytic
Sleep Initiation and Maintenance Disorders
Translocation, Genetic
Root Caries
Pediatric Obesity
Insect Bites and Stings
Aortic Stenosis, Subvalvular
Caliciviridae Infections
Alcohol Withdrawal Seizures
